Cliente,Numpedido,fecha_entrega,fecha_pedido,num_tienda,sku,cantidad,precio_unitario,tipo_orden
IMSS,67908-PUEBLA,Tue Aug 18 18:12:58 CDT 2015,2015-08-18T00:00:00,34,757638603973,6,1345.34,
IMSS,67908-PUEBLA,Tue Aug 18 18:12:58 CDT 2015,2015-08-18T00:00:00,34,757638817790,2,4942.88,
IMSS,67908-PUEBLA,Tue Aug 18 18:12:58 CDT 2015,2015-08-18T00:00:00,34,757638817554,2,3882.62,
IMSS,67908-PUEBLA,Tue Aug 18 18:12:58 CDT 2015,2015-08-18T00:00:00,34,757638604871,3,913.40,
IMSS,67908-PUEBLA,Tue Aug 18 18:12:58 CDT 2015,2015-08-18T00:00:00,34,757638604833,4,1089.70,
IMSS,67908-PUEBLA,Tue Aug 18 18:12:58 CDT 2015,2015-08-18T00:00:00,34,757638817721,2,4377.08,
IMSS,67908-PUEBLA,Tue Aug 18 18:12:58 CDT 2015,2015-08-18T00:00:00,34,757638605038,6,1162.60,
IMSS,67908-PUEBLA,Tue Aug 18 18:12:58 CDT 2015,2015-08-18T00:00:00,34,757638607261,4,595.24,
IMSS,67908-PUEBLA,Tue Aug 18 18:12:58 CDT 2015,2015-08-18T00:00:00,34,757638605137,8,771.54,
IMSS,67908-PUEBLA,Tue Aug 18 18:12:58 CDT 2015,2015-08-18T00:00:00,34,757638340281,2,2786.28,
IMSS,67908-PUEBLA,Tue Aug 18 18:12:58 CDT 2015,2015-08-18T00:00:00,34,757638340977,2,5684.98,
IMSS,67908-PUEBLA,Tue Aug 18 18:12:58 CDT 2015,2015-08-18T00:00:00,34,757638341967,2,6568.12,
IMSS,67908-PUEBLA,Tue Aug 18 18:12:58 CDT 2015,2015-08-18T00:00:00,34,757638342001,2,8971.54,
IMSS,67908-PUEBLA,Tue Aug 18 18:12:58 CDT 2015,2015-08-18T00:00:00,34,757638341851,2,10739.46,
IMSS,67908-PUEBLA,Tue Aug 18 18:12:58 CDT 2015,2015-08-18T00:00:00,34,757638341684,2,3988.40,
IMSS,67908-PUEBLA,Tue Aug 18 18:12:58 CDT 2015,2015-08-18T00:00:00,34,757638339988,2,3740.76,
IMSS,67908-PUEBLA,Tue Aug 18 18:12:58 CDT 2015,2015-08-18T00:00:00,34,757638338950,2,4447.60,
IMSS,67908-PUEBLA,Tue Aug 18 18:12:58 CDT 2015,2015-08-18T00:00:00,34,757638338967,2,4836.28,
IMSS,67908-PUEBLA,Tue Aug 18 18:12:58 CDT 2015,2015-08-18T00:00:00,34,757638339407,2,5224.96,
IMSS,67908-PUEBLA,Tue Aug 18 18:12:58 CDT 2015,2015-08-18T00:00:00,34,757638340731,2,5790.76,
IMSS,67908-PUEBLA,Tue Aug 18 18:12:58 CDT 2015,2015-08-18T00:00:00,34,757638512824,1,10951.02,
IMSS,67908-PUEBLA,Tue Aug 18 18:12:58 CDT 2015,2015-08-18T00:00:00,34,757638817561,2,4094.18,
IMSS,65537-CD. JUAREZ,Tue Aug 18 18:12:58 CDT 2015,2015-08-18T00:00:00,97,757638902311,5,1019.18,
IMSS,65537-CD. JUAREZ,Tue Aug 18 18:12:58 CDT 2015,2015-08-18T00:00:00,97,757638603973,5,1345.34,
IMSS,65537-CD. JUAREZ,Tue Aug 18 18:12:58 CDT 2015,2015-08-18T00:00:00,97,757638817561,3,4094.18,
IMSS,65537-CD. JUAREZ,Tue Aug 18 18:12:58 CDT 2015,2015-08-18T00:00:00,97,757638604871,5,913.40,
IMSS,65537-CD. JUAREZ,Tue Aug 18 18:12:58 CDT 2015,2015-08-18T00:00:00,97,757638817752,3,4377.08,
IMSS,65537-CD. JUAREZ,Tue Aug 18 18:12:58 CDT 2015,2015-08-18T00:00:00,97,757638817851,2,5507.86,
IMSS,65537-CD. JUAREZ,Tue Aug 18 18:12:58 CDT 2015,2015-08-18T00:00:00,97,757638605038,5,1162.60,
IMSS,65537-CD. JUAREZ,Tue Aug 18 18:12:58 CDT 2015,2015-08-18T00:00:00,97,757638817646,2,4157,
IMSS,65537-CD. JUAREZ,Tue Aug 18 18:12:58 CDT 2015,2015-08-18T00:00:00,97,757638339155,2,12153.14,
IMSS,65537-CD. JUAREZ,Tue Aug 18 18:12:58 CDT 2015,2015-08-18T00:00:00,97,757638607261,2,595.24,
IMSS,65537-CD. JUAREZ,Tue Aug 18 18:12:58 CDT 2015,2015-08-18T00:00:00,97,757638605137,5,771.54,
IMSS,65537-CD. JUAREZ,Tue Aug 18 18:12:58 CDT 2015,2015-08-18T00:00:00,97,757638340281,1,2786.28,
IMSS,65537-CD. JUAREZ,Tue Aug 18 18:12:58 CDT 2015,2015-08-18T00:00:00,97,757638341967,2,6568.12,
IMSS,65537-CD. JUAREZ,Tue Aug 18 18:12:58 CDT 2015,2015-08-18T00:00:00,97,757638341936,2,7487.34,
IMSS,65537-CD. JUAREZ,Tue Aug 18 18:12:58 CDT 2015,2015-08-18T00:00:00,97,757638341912,2,8194.18,
IMSS,65537-CD. JUAREZ,Tue Aug 18 18:12:58 CDT 2015,2015-08-18T00:00:00,97,757638341929,2,9678.38,
IMSS,65537-CD. JUAREZ,Tue Aug 18 18:12:58 CDT 2015,2015-08-18T00:00:00,97,757638341851,2,10739.46,
IMSS,65537-CD. JUAREZ,Tue Aug 18 18:12:58 CDT 2015,2015-08-18T00:00:00,97,757638342162,2,12011.28,
IMSS,65537-CD. JUAREZ,Tue Aug 18 18:12:58 CDT 2015,2015-08-18T00:00:00,97,757638340731,2,5790.76,
IMSS,65537-CD. JUAREZ,Tue Aug 18 18:12:58 CDT 2015,2015-08-18T00:00:00,97,757638341653,2,6286.04,
IMSS,65537-CD. JUAREZ,Tue Aug 18 18:12:58 CDT 2015,2015-08-18T00:00:00,97,757638341660,2,7487.34,
IMSS,65537-CD. JUAREZ,Tue Aug 18 18:12:58 CDT 2015,2015-08-18T00:00:00,97,757638512824,3,10951.02,
IMSS,65537-CD. JUAREZ,Tue Aug 18 18:12:58 CDT 2015,2015-08-18T00:00:00,97,757638817882,2,5932.62,
IMSS,65537-CD. JUAREZ,Tue Aug 18 18:12:58 CDT 2015,2015-08-18T00:00:00,97,757638817554,2,3882.62,
IMSS,58101-MAZATLAN,Tue Aug 18 18:12:58 CDT 2015,2015-08-18T00:00:00,41,757638340977,1,5684.98,
IMSS,58101-MAZATLAN,Tue Aug 18 18:12:58 CDT 2015,2015-08-18T00:00:00,41,757638714143,1,1549.72,
IMSS,57827-QUERETARO,Tue Aug 18 18:12:58 CDT 2015,2015-08-18T00:00:00,35,757638341653,1,6286.04,
IMSS,57827-QUERETARO,Tue Aug 18 18:12:58 CDT 2015,2015-08-18T00:00:00,35,757638338967,1,4836.28,
IMSS,62178-ACAPULCO,Tue Aug 18 18:12:58 CDT 2015,2015-08-17T00:00:00,18,757638817554,3,3882.62,
IMSS,62178-ACAPULCO,Tue Aug 18 18:12:58 CDT 2015,2015-08-17T00:00:00,18,757638406345,6,3174.96,
IMSS,62178-ACAPULCO,Tue Aug 18 18:12:58 CDT 2015,2015-08-17T00:00:00,18,757638603973,2,1345.34,
IMSS,62178-ACAPULCO,Tue Aug 18 18:12:58 CDT 2015,2015-08-17T00:00:00,18,757638604871,1,913.40,
IMSS,62178-ACAPULCO,Tue Aug 18 18:12:58 CDT 2015,2015-08-17T00:00:00,18,757638604833,3,1089.70,
IMSS,62178-ACAPULCO,Tue Aug 18 18:12:58 CDT 2015,2015-08-17T00:00:00,18,757638713276,6,2008.92,
IMSS,62178-ACAPULCO,Tue Aug 18 18:12:58 CDT 2015,2015-08-17T00:00:00,18,757638820554,4,3174.96,
IMSS,62178-ACAPULCO,Tue Aug 18 18:12:58 CDT 2015,2015-08-17T00:00:00,18,757638714143,2,1549.72,
IMSS,62178-ACAPULCO,Tue Aug 18 18:12:58 CDT 2015,2015-08-17T00:00:00,18,757638607254,2,312.34,
IMSS,62178-ACAPULCO,Tue Aug 18 18:12:58 CDT 2015,2015-08-17T00:00:00,18,757638340281,3,2786.28,
IMSS,62178-ACAPULCO,Tue Aug 18 18:12:58 CDT 2015,2015-08-17T00:00:00,18,757638340977,5,5684.98,
IMSS,62178-ACAPULCO,Tue Aug 18 18:12:58 CDT 2015,2015-08-17T00:00:00,18,757638341936,1,7487.34,
IMSS,62178-ACAPULCO,Tue Aug 18 18:12:58 CDT 2015,2015-08-17T00:00:00,18,757638342001,2,8971.54,
IMSS,62178-ACAPULCO,Tue Aug 18 18:12:58 CDT 2015,2015-08-17T00:00:00,18,757638341851,1,10739.46,
IMSS,62178-ACAPULCO,Tue Aug 18 18:12:58 CDT 2015,2015-08-17T00:00:00,18,757638338950,4,4447.60,
IMSS,62178-ACAPULCO,Tue Aug 18 18:12:58 CDT 2015,2015-08-17T00:00:00,18,757638338967,2,4836.28,
IMSS,62178-ACAPULCO,Tue Aug 18 18:12:58 CDT 2015,2015-08-17T00:00:00,18,757638339407,2,5224.96,
IMSS,62178-ACAPULCO,Tue Aug 18 18:12:58 CDT 2015,2015-08-17T00:00:00,18,757638338790,2,5402.08,
IMSS,62178-ACAPULCO,Tue Aug 18 18:12:58 CDT 2015,2015-08-17T00:00:00,18,757638341653,2,6286.04,
IMSS,62178-ACAPULCO,Tue Aug 18 18:12:58 CDT 2015,2015-08-17T00:00:00,18,757638341660,2,7487.34,
IMSS,62178-ACAPULCO,Tue Aug 18 18:12:58 CDT 2015,2015-08-17T00:00:00,18,757638817424,2,3174.96,
IMSS,62178-ACAPULCO,Tue Aug 18 18:12:58 CDT 2015,2015-08-17T00:00:00,18,757638902335,2,842.88,
IMSS,62178-ACAPULCO,Tue Aug 18 18:12:58 CDT 2015,2015-08-17T00:00:00,18,757638902328,2,842.88,
IMSS,62178-ACAPULCO,Tue Aug 18 18:12:58 CDT 2015,2015-08-17T00:00:00,18,757638902311,2,1019.18,
IMSS,57010-GOMEZ PALACIO,Tue Aug 18 18:12:58 CDT 2015,2015-08-17T00:00:00,115,757638512824,1,10951.02,
IMSS,57010-GOMEZ PALACIO,Tue Aug 18 18:12:58 CDT 2015,2015-08-17T00:00:00,115,757638817554,2,3882.62,
IMSS,57010-GOMEZ PALACIO,Tue Aug 18 18:12:58 CDT 2015,2015-08-17T00:00:00,115,757638817561,2,4094.18,
IMSS,57010-GOMEZ PALACIO,Tue Aug 18 18:12:58 CDT 2015,2015-08-17T00:00:00,115,757638817776,1,4589.46,
IMSS,57010-GOMEZ PALACIO,Tue Aug 18 18:12:58 CDT 2015,2015-08-17T00:00:00,115,757638817783,1,4589.46,
IMSS,57010-GOMEZ PALACIO,Tue Aug 18 18:12:58 CDT 2015,2015-08-17T00:00:00,115,757638603973,10,1345.34,
IMSS,57010-GOMEZ PALACIO,Tue Aug 18 18:12:58 CDT 2015,2015-08-17T00:00:00,115,757638817882,1,5932.62,
IMSS,57010-GOMEZ PALACIO,Tue Aug 18 18:12:58 CDT 2015,2015-08-17T00:00:00,115,757638817851,1,5507.86,
IMSS,57010-GOMEZ PALACIO,Tue Aug 18 18:12:58 CDT 2015,2015-08-17T00:00:00,115,757638605038,10,1162.60,
IMSS,57010-GOMEZ PALACIO,Tue Aug 18 18:12:58 CDT 2015,2015-08-17T00:00:00,115,757638607261,3,595.24,
IMSS,57010-GOMEZ PALACIO,Tue Aug 18 18:12:58 CDT 2015,2015-08-17T00:00:00,115,757638605137,8,771.54,
IMSS,57010-GOMEZ PALACIO,Tue Aug 18 18:12:58 CDT 2015,2015-08-17T00:00:00,115,757638340281,1,2786.28,
IMSS,57010-GOMEZ PALACIO,Tue Aug 18 18:12:58 CDT 2015,2015-08-17T00:00:00,115,757638340977,3,5684.98,
IMSS,57010-GOMEZ PALACIO,Tue Aug 18 18:12:58 CDT 2015,2015-08-17T00:00:00,115,757638341929,2,9678.38,
IMSS,57010-GOMEZ PALACIO,Tue Aug 18 18:12:58 CDT 2015,2015-08-17T00:00:00,115,757638341684,3,3988.40,
IMSS,57010-GOMEZ PALACIO,Tue Aug 18 18:12:58 CDT 2015,2015-08-17T00:00:00,115,757638341653,3,6286.04,
IMSS,57010-GOMEZ PALACIO,Tue Aug 18 18:12:58 CDT 2015,2015-08-17T00:00:00,115,757638341660,3,7487.34,
IMSS,57010-GOMEZ PALACIO,Tue Aug 18 18:12:58 CDT 2015,2015-08-17T00:00:00,115,757638902311,2,1019.18,
IMSS,57010-GOMEZ PALACIO,Tue Aug 18 18:12:58 CDT 2015,2015-08-17T00:00:00,115,757638902298,2,835.50,
IMSS,58088-MAZATLAN,Tue Aug 18 18:12:58 CDT 2015,2015-08-15T00:00:00,41,757638604055,5,4408.77,
IMSS,58087-MAZATLAN,Tue Aug 18 18:12:58 CDT 2015,2015-08-15T00:00:00,41,757638513326,2,4050.32,
IMSS,58087-MAZATLAN,Tue Aug 18 18:12:58 CDT 2015,2015-08-15T00:00:00,41,757638513494,2,4263.69,
IMSS,58086-MAZATLAN,Tue Aug 18 18:12:58 CDT 2015,2015-08-15T00:00:00,41,757638711623,1,2699.03,
IMSS,58083-MAZATLAN,Tue Aug 18 18:12:58 CDT 2015,2015-08-15T00:00:00,41,757638605038,2,1162.60,
IMSS,58083-MAZATLAN,Tue Aug 18 18:12:58 CDT 2015,2015-08-15T00:00:00,41,757638604833,1,1089.70,
IMSS,58083-MAZATLAN,Tue Aug 18 18:12:58 CDT 2015,2015-08-15T00:00:00,41,757638603973,1,1345.34,
IMSS,58081-MAZATLAN,Tue Aug 18 18:12:58 CDT 2015,2015-08-15T00:00:00,41,757638340731,1,5790.76,
IMSS,58081-MAZATLAN,Tue Aug 18 18:12:58 CDT 2015,2015-08-15T00:00:00,41,757638339407,1,5224.96,
IMSS,58081-MAZATLAN,Tue Aug 18 18:12:58 CDT 2015,2015-08-15T00:00:00,41,757638340977,1,5684.98,
IMSS,50535-MONCLOVA,Tue Aug 18 18:12:58 CDT 2015,2015-08-15T00:00:00,9,757638604086,5,8391.53,
IMSS,50535-MONCLOVA,Tue Aug 18 18:12:58 CDT 2015,2015-08-15T00:00:00,9,757638604093,5,7822.56,
IMSS,50535-MONCLOVA,Tue Aug 18 18:12:58 CDT 2015,2015-08-15T00:00:00,9,757638604062,10,4835.50,
IMSS,50534-MONCLOVA,Tue Aug 18 18:12:58 CDT 2015,2015-08-15T00:00:00,9,757638605038,5,1162.60,
IMSS,50534-MONCLOVA,Tue Aug 18 18:12:58 CDT 2015,2015-08-15T00:00:00,9,757638607261,2,595.24,
IMSS,50534-MONCLOVA,Tue Aug 18 18:12:58 CDT 2015,2015-08-15T00:00:00,9,757638605137,5,771.54,
IMSS,50534-MONCLOVA,Tue Aug 18 18:12:58 CDT 2015,2015-08-15T00:00:00,9,757638341936,2,7487.34,
IMSS,50534-MONCLOVA,Tue Aug 18 18:12:58 CDT 2015,2015-08-15T00:00:00,9,757638341912,1,8194.18,
IMSS,50534-MONCLOVA,Tue Aug 18 18:12:58 CDT 2015,2015-08-15T00:00:00,9,757638341929,1,9678.38,
IMSS,50534-MONCLOVA,Tue Aug 18 18:12:58 CDT 2015,2015-08-15T00:00:00,9,757638341851,1,10739.46,
IMSS,50534-MONCLOVA,Tue Aug 18 18:12:58 CDT 2015,2015-08-15T00:00:00,9,757638342162,1,12011.28,
IMSS,50534-MONCLOVA,Tue Aug 18 18:12:58 CDT 2015,2015-08-15T00:00:00,9,757638341684,1,3988.40,
IMSS,50534-MONCLOVA,Tue Aug 18 18:12:58 CDT 2015,2015-08-15T00:00:00,9,757638340731,2,5790.76,
IMSS,50534-MONCLOVA,Tue Aug 18 18:12:58 CDT 2015,2015-08-15T00:00:00,9,757638341653,2,6286.04,
IMSS,50534-MONCLOVA,Tue Aug 18 18:12:58 CDT 2015,2015-08-15T00:00:00,9,757638341660,2,7487.34,
IMSS,50534-MONCLOVA,Tue Aug 18 18:12:58 CDT 2015,2015-08-15T00:00:00,9,757638817882,1,5932.62,
IMSS,87496-TEQUESQUINAHUAC,Tue Aug 18 18:12:58 CDT 2015,2015-08-14T00:00:00,64,757638340281,1,2786.28,
IMSS,67885-PUEBLA,Tue Aug 18 18:12:58 CDT 2015,2015-08-14T00:00:00,34,757638340977,1,5684.98,
IMSS,67885-PUEBLA,Tue Aug 18 18:12:58 CDT 2015,2015-08-14T00:00:00,34,757638341684,3,3988.40,
IMSS,67885-PUEBLA,Tue Aug 18 18:12:58 CDT 2015,2015-08-14T00:00:00,34,757638604833,2,1089.70,
IMSS,58070-MAZATLAN,Tue Aug 18 18:12:58 CDT 2015,2015-08-14T00:00:00,41,757638341929,1,9678.38,
IMSS,87478-TEQUESQUINAHUAC,Tue Aug 18 18:12:58 CDT 2015,2015-08-13T00:00:00,64,757638605137,10,771.54,
IMSS,87477-TEQUESQUINAHUAC,Tue Aug 18 18:12:58 CDT 2015,2015-08-13T00:00:00,64,757638341912,1,8194.18,
IMSS,77390-CHIHUAHUA,Tue Aug 18 18:12:58 CDT 2015,2015-08-13T00:00:00,14,757638902311,6,1019.18,
IMSS,77390-CHIHUAHUA,Tue Aug 18 18:12:58 CDT 2015,2015-08-13T00:00:00,14,757638341936,1,7487.34,
IMSS,57858-CULIACAN,Tue Aug 18 18:12:58 CDT 2015,2015-08-13T00:00:00,42,757638510639,1,4628,
IMSS,57858-CULIACAN,Tue Aug 18 18:12:58 CDT 2015,2015-08-13T00:00:00,42,757638510509,3,5626,
IMSS,57858-CULIACAN,Tue Aug 18 18:12:58 CDT 2015,2015-08-13T00:00:00,42,757638511032,2,6180.39,
IMSS,57858-CULIACAN,Tue Aug 18 18:12:58 CDT 2015,2015-08-13T00:00:00,42,757638513326,2,4050.32,
IMSS,57858-CULIACAN,Tue Aug 18 18:12:58 CDT 2015,2015-08-13T00:00:00,42,757638513371,2,6041.70,
IMSS,57857-CULIACAN,Tue Aug 18 18:12:58 CDT 2015,2015-08-13T00:00:00,42,757638341967,3,6568.12,
IMSS,57857-CULIACAN,Tue Aug 18 18:12:58 CDT 2015,2015-08-13T00:00:00,42,757638338967,3,4836.28,
IMSS,57857-CULIACAN,Tue Aug 18 18:12:58 CDT 2015,2015-08-13T00:00:00,42,757638341660,2,7487.34,
IMSS,57857-CULIACAN,Tue Aug 18 18:12:58 CDT 2015,2015-08-13T00:00:00,42,757638340731,3,5790.76,
IMSS,57856-CULIACAN,Tue Aug 18 18:12:58 CDT 2015,2015-08-13T00:00:00,42,757638604055,20,4408.77,
IMSS,57856-CULIACAN,Tue Aug 18 18:12:58 CDT 2015,2015-08-13T00:00:00,42,757638604086,2,8391.53,
IMSS,48264-CAMPECHE,Tue Aug 18 18:12:58 CDT 2015,2015-08-13T00:00:00,4,757638817646,1,4157,
IMSS,48264-CAMPECHE,Tue Aug 18 18:12:58 CDT 2015,2015-08-13T00:00:00,4,757638604871,4,913.40,
IMSS,48264-CAMPECHE,Tue Aug 18 18:12:58 CDT 2015,2015-08-13T00:00:00,4,757638603973,3,1345.34,
IMSS,48264-CAMPECHE,Tue Aug 18 18:12:58 CDT 2015,2015-08-13T00:00:00,4,757638341967,1,6568.12,
IMSS,48264-CAMPECHE,Tue Aug 18 18:12:58 CDT 2015,2015-08-13T00:00:00,4,757638341936,1,7487.34,
IMSS,48264-CAMPECHE,Tue Aug 18 18:12:58 CDT 2015,2015-08-13T00:00:00,4,757638341912,1,8194.18,
IMSS,48264-CAMPECHE,Tue Aug 18 18:12:58 CDT 2015,2015-08-13T00:00:00,4,757638340977,2,5684.98,
IMSS,48264-CAMPECHE,Tue Aug 18 18:12:58 CDT 2015,2015-08-13T00:00:00,4,757638339155,2,12153.14,
IMSS,48264-CAMPECHE,Tue Aug 18 18:12:58 CDT 2015,2015-08-13T00:00:00,4,757638340731,2,5790.76,
IMSS,48264-CAMPECHE,Tue Aug 18 18:12:58 CDT 2015,2015-08-13T00:00:00,4,757638512824,1,10951.02,
IMSS,48264-CAMPECHE,Tue Aug 18 18:12:58 CDT 2015,2015-08-13T00:00:00,4,757638341660,1,7487.34,
IMSS,48264-CAMPECHE,Tue Aug 18 18:12:58 CDT 2015,2015-08-13T00:00:00,4,757638341653,1,6286.04,
IMSS,48227-ZAMORA,Tue Aug 18 18:12:58 CDT 2015,2015-08-13T00:00:00,148,757638406543,1,10951.02,
IMSS,48227-ZAMORA,Tue Aug 18 18:12:58 CDT 2015,2015-08-13T00:00:00,148,757638512824,1,10951.02,
IMSS,53571-ORIZABA,Tue Aug 18 18:12:58 CDT 2015,2015-08-10T00:00:00,57,757638406543,2,10951.02,
IMSS,53571-ORIZABA,Tue Aug 18 18:12:58 CDT 2015,2015-08-10T00:00:00,57,757638714143,2,1549.72,
IMSS,53571-ORIZABA,Tue Aug 18 18:12:58 CDT 2015,2015-08-10T00:00:00,57,757638406345,5,3174.96,
IMSS,79807-NINO PERDIDO,Tue Aug 18 18:12:58 CDT 2015,2015-08-08T00:00:00,62,757638603966,5,1161.04,
IMSS,79807-NINO PERDIDO,Tue Aug 18 18:12:58 CDT 2015,2015-08-08T00:00:00,62,757638603478,5,1167.60,
IMSS,79807-NINO PERDIDO,Tue Aug 18 18:12:58 CDT 2015,2015-08-08T00:00:00,62,757638603973,4,1345.34,
IMSS,79807-NINO PERDIDO,Tue Aug 18 18:12:58 CDT 2015,2015-08-08T00:00:00,62,757638604871,3,913.40,
IMSS,79807-NINO PERDIDO,Tue Aug 18 18:12:58 CDT 2015,2015-08-08T00:00:00,62,757638604833,3,1089.70,
IMSS,79807-NINO PERDIDO,Tue Aug 18 18:12:58 CDT 2015,2015-08-08T00:00:00,62,757638605038,3,1162.60,
IMSS,79807-NINO PERDIDO,Tue Aug 18 18:12:58 CDT 2015,2015-08-08T00:00:00,62,757638605083,3,1389,
IMSS,79807-NINO PERDIDO,Tue Aug 18 18:12:58 CDT 2015,2015-08-08T00:00:00,62,757638711623,2,2699.03,
IMSS,79807-NINO PERDIDO,Tue Aug 18 18:12:58 CDT 2015,2015-08-08T00:00:00,62,757638339155,2,12153.14,
IMSS,79807-NINO PERDIDO,Tue Aug 18 18:12:58 CDT 2015,2015-08-08T00:00:00,62,757638817530,2,3882.62,
IMSS,79807-NINO PERDIDO,Tue Aug 18 18:12:58 CDT 2015,2015-08-08T00:00:00,62,757638341004,2,3829.85,
IMSS,79807-NINO PERDIDO,Tue Aug 18 18:12:58 CDT 2015,2015-08-08T00:00:00,62,757638340977,2,5684.98,
IMSS,79807-NINO PERDIDO,Tue Aug 18 18:12:58 CDT 2015,2015-08-08T00:00:00,62,757638341967,2,6568.12,
IMSS,79807-NINO PERDIDO,Tue Aug 18 18:12:58 CDT 2015,2015-08-08T00:00:00,62,757638341936,2,7487.34,
IMSS,79807-NINO PERDIDO,Tue Aug 18 18:12:58 CDT 2015,2015-08-08T00:00:00,62,757638342001,2,8971.54,
IMSS,79807-NINO PERDIDO,Tue Aug 18 18:12:58 CDT 2015,2015-08-08T00:00:00,62,757638341929,2,9678.38,
IMSS,79807-NINO PERDIDO,Tue Aug 18 18:12:58 CDT 2015,2015-08-08T00:00:00,62,757638342162,2,12011.28,
IMSS,79807-NINO PERDIDO,Tue Aug 18 18:12:58 CDT 2015,2015-08-08T00:00:00,62,757638817424,2,3174.96,
IMSS,79807-NINO PERDIDO,Tue Aug 18 18:12:58 CDT 2015,2015-08-08T00:00:00,62,757638341660,2,7487.34,
IMSS,79807-NINO PERDIDO,Tue Aug 18 18:12:58 CDT 2015,2015-08-08T00:00:00,62,757638341653,2,6286.04,
IMSS,79807-NINO PERDIDO,Tue Aug 18 18:12:58 CDT 2015,2015-08-08T00:00:00,62,757638340731,2,5790.76,
IMSS,79807-NINO PERDIDO,Tue Aug 18 18:12:58 CDT 2015,2015-08-08T00:00:00,62,757638338790,2,5402.08,
IMSS,79807-NINO PERDIDO,Tue Aug 18 18:12:58 CDT 2015,2015-08-08T00:00:00,62,757638339407,2,5224.96,
IMSS,79807-NINO PERDIDO,Tue Aug 18 18:12:58 CDT 2015,2015-08-08T00:00:00,62,757638338967,2,4836.28,
IMSS,79807-NINO PERDIDO,Tue Aug 18 18:12:58 CDT 2015,2015-08-08T00:00:00,62,757638339988,2,3740.76,
IMSS,79807-NINO PERDIDO,Tue Aug 18 18:12:58 CDT 2015,2015-08-08T00:00:00,62,757638341684,2,3988.40,
IMSS,79807-NINO PERDIDO,Tue Aug 18 18:12:58 CDT 2015,2015-08-08T00:00:00,62,757638342551,3,2786.28,
IMSS,79801-NINO PERDIDO,Tue Aug 18 18:12:58 CDT 2015,2015-08-08T00:00:00,62,757638715096,3,6041.70,
IMSS,79801-NINO PERDIDO,Tue Aug 18 18:12:58 CDT 2015,2015-08-08T00:00:00,62,757638406345,3,3174.96,
IMSS,79801-NINO PERDIDO,Tue Aug 18 18:12:58 CDT 2015,2015-08-08T00:00:00,62,757638510639,3,4628,
IMSS,79801-NINO PERDIDO,Tue Aug 18 18:12:58 CDT 2015,2015-08-08T00:00:00,62,757638510509,3,5626,
IMSS,79801-NINO PERDIDO,Tue Aug 18 18:12:58 CDT 2015,2015-08-08T00:00:00,62,757638406543,3,10951.02,
IMSS,79801-NINO PERDIDO,Tue Aug 18 18:12:58 CDT 2015,2015-08-08T00:00:00,62,757638511032,3,6180.39,
IMSS,79801-NINO PERDIDO,Tue Aug 18 18:12:58 CDT 2015,2015-08-08T00:00:00,62,757638714051,3,2482.11,
IMSS,79801-NINO PERDIDO,Tue Aug 18 18:12:58 CDT 2015,2015-08-08T00:00:00,62,757638511810,3,8242.89,
IMSS,79801-NINO PERDIDO,Tue Aug 18 18:12:58 CDT 2015,2015-08-08T00:00:00,62,757638511018,3,1842.03,
IMSS,79801-NINO PERDIDO,Tue Aug 18 18:12:58 CDT 2015,2015-08-08T00:00:00,62,757638512954,3,6749.35,
IMSS,79801-NINO PERDIDO,Tue Aug 18 18:12:58 CDT 2015,2015-08-08T00:00:00,62,757638512947,3,7460.56,
IMSS,79801-NINO PERDIDO,Tue Aug 18 18:12:58 CDT 2015,2015-08-08T00:00:00,62,757638512824,2,10951.02,
IMSS,79801-NINO PERDIDO,Tue Aug 18 18:12:58 CDT 2015,2015-08-08T00:00:00,62,757638513296,3,5188.25,
IMSS,79801-NINO PERDIDO,Tue Aug 18 18:12:58 CDT 2015,2015-08-08T00:00:00,62,757638715089,3,5828.34,
IMSS,79801-NINO PERDIDO,Tue Aug 18 18:12:58 CDT 2015,2015-08-08T00:00:00,62,757638513395,3,6112.82,
IMSS,79801-NINO PERDIDO,Tue Aug 18 18:12:58 CDT 2015,2015-08-08T00:00:00,62,757638513371,3,6041.70,
IMSS,87403-TEQUESQUINAHUAC,Tue Aug 18 18:12:58 CDT 2015,2015-08-07T00:00:00,64,757638341851,2,10739.46,
IMSS,87403-TEQUESQUINAHUAC,Tue Aug 18 18:12:58 CDT 2015,2015-08-07T00:00:00,64,757638604871,3,913.40,
IMSS,87403-TEQUESQUINAHUAC,Tue Aug 18 18:12:58 CDT 2015,2015-08-07T00:00:00,64,757638604833,10,1089.70,
IMSS,87403-TEQUESQUINAHUAC,Tue Aug 18 18:12:58 CDT 2015,2015-08-07T00:00:00,64,757638406543,3,10951.02,
IMSS,87403-TEQUESQUINAHUAC,Tue Aug 18 18:12:58 CDT 2015,2015-08-07T00:00:00,64,757638713276,3,2008.92,
IMSS,87403-TEQUESQUINAHUAC,Tue Aug 18 18:12:58 CDT 2015,2015-08-07T00:00:00,64,757638605038,10,1162.60,
IMSS,87403-TEQUESQUINAHUAC,Tue Aug 18 18:12:58 CDT 2015,2015-08-07T00:00:00,64,757638817646,3,4157,
IMSS,87403-TEQUESQUINAHUAC,Tue Aug 18 18:12:58 CDT 2015,2015-08-07T00:00:00,64,757638607261,4,595.24,
IMSS,87403-TEQUESQUINAHUAC,Tue Aug 18 18:12:58 CDT 2015,2015-08-07T00:00:00,64,757638605137,10,771.54,
IMSS,87403-TEQUESQUINAHUAC,Tue Aug 18 18:12:58 CDT 2015,2015-08-07T00:00:00,64,757638341967,2,6568.12,
IMSS,87403-TEQUESQUINAHUAC,Tue Aug 18 18:12:58 CDT 2015,2015-08-07T00:00:00,64,757638341936,2,7487.34,
IMSS,87403-TEQUESQUINAHUAC,Tue Aug 18 18:12:58 CDT 2015,2015-08-07T00:00:00,64,757638512824,4,10951.02,
IMSS,87403-TEQUESQUINAHUAC,Tue Aug 18 18:12:58 CDT 2015,2015-08-07T00:00:00,64,757638341660,2,7487.34,
IMSS,87403-TEQUESQUINAHUAC,Tue Aug 18 18:12:58 CDT 2015,2015-08-07T00:00:00,64,757638340731,2,5790.76,
IMSS,87403-TEQUESQUINAHUAC,Tue Aug 18 18:12:58 CDT 2015,2015-08-07T00:00:00,64,757638338967,2,4836.28,
IMSS,87403-TEQUESQUINAHUAC,Tue Aug 18 18:12:58 CDT 2015,2015-08-07T00:00:00,64,757638342162,2,12011.28,
IMSS,87403-TEQUESQUINAHUAC,Tue Aug 18 18:12:58 CDT 2015,2015-08-07T00:00:00,64,757638603973,10,1345.34,
IMSS,87403-TEQUESQUINAHUAC,Tue Aug 18 18:12:58 CDT 2015,2015-08-07T00:00:00,64,757638341912,2,8194.18,
IMSS,55429-JALAPA,Tue Aug 18 18:12:58 CDT 2015,2015-08-07T00:00:00,54,757638341912,2,8194.18,
IMSS,55429-JALAPA,Tue Aug 18 18:12:58 CDT 2015,2015-08-07T00:00:00,54,757638341936,2,7487.34,
IMSS,55429-JALAPA,Tue Aug 18 18:12:58 CDT 2015,2015-08-07T00:00:00,54,757638341967,2,6568.12,
IMSS,55429-JALAPA,Tue Aug 18 18:12:58 CDT 2015,2015-08-07T00:00:00,54,757638605137,5,771.54,
IMSS,55429-JALAPA,Tue Aug 18 18:12:58 CDT 2015,2015-08-07T00:00:00,54,757638815314,1,5437.34,
IMSS,55429-JALAPA,Tue Aug 18 18:12:58 CDT 2015,2015-08-07T00:00:00,54,757638713276,2,2008.92,
IMSS,55429-JALAPA,Tue Aug 18 18:12:58 CDT 2015,2015-08-07T00:00:00,54,757638604833,5,1089.70,
IMSS,55429-JALAPA,Tue Aug 18 18:12:58 CDT 2015,2015-08-07T00:00:00,54,757638603973,5,1345.34,
IMSS,55429-JALAPA,Tue Aug 18 18:12:58 CDT 2015,2015-08-07T00:00:00,54,757638817790,2,4942.88,
IMSS,55429-JALAPA,Tue Aug 18 18:12:58 CDT 2015,2015-08-07T00:00:00,54,757638817554,2,3882.62,
IMSS,55429-JALAPA,Tue Aug 18 18:12:58 CDT 2015,2015-08-07T00:00:00,54,757638341851,1,10739.46,
IMSS,55429-JALAPA,Tue Aug 18 18:12:58 CDT 2015,2015-08-07T00:00:00,54,757638342001,1,8971.54,
IMSS,55429-JALAPA,Tue Aug 18 18:12:58 CDT 2015,2015-08-07T00:00:00,54,757638341929,1,9678.38,
IMSS,55429-JALAPA,Tue Aug 18 18:12:58 CDT 2015,2015-08-07T00:00:00,54,757638341660,1,7487.34,
IMSS,55429-JALAPA,Tue Aug 18 18:12:58 CDT 2015,2015-08-07T00:00:00,54,757638338967,2,4836.28,
IMSS,55428-JALAPA,Tue Aug 18 18:12:58 CDT 2015,2015-08-07T00:00:00,54,757638604062,1,4835.50,
IMSS,55428-JALAPA,Tue Aug 18 18:12:58 CDT 2015,2015-08-07T00:00:00,54,757638604055,1,4408.77,
IMSS,47643-TULANCINGO,Tue Aug 18 18:12:58 CDT 2015,2015-08-07T00:00:00,121,757638512824,1,10951.02,
IMSS,47643-TULANCINGO,Tue Aug 18 18:12:58 CDT 2015,2015-08-07T00:00:00,121,757638341660,1,7487.34,
IMSS,47643-TULANCINGO,Tue Aug 18 18:12:58 CDT 2015,2015-08-07T00:00:00,121,757638341684,1,3988.40,
IMSS,47643-TULANCINGO,Tue Aug 18 18:12:58 CDT 2015,2015-08-07T00:00:00,121,757638714143,2,1549.72,
IMSS,47643-TULANCINGO,Tue Aug 18 18:12:58 CDT 2015,2015-08-07T00:00:00,121,757638605038,2,1162.60,
IMSS,47643-TULANCINGO,Tue Aug 18 18:12:58 CDT 2015,2015-08-07T00:00:00,121,757638713276,1,2008.92,
IMSS,47643-TULANCINGO,Tue Aug 18 18:12:58 CDT 2015,2015-08-07T00:00:00,121,757638604833,2,1089.70,
IMSS,47643-TULANCINGO,Tue Aug 18 18:12:58 CDT 2015,2015-08-07T00:00:00,121,757638604871,2,913.40,
IMSS,47643-TULANCINGO,Tue Aug 18 18:12:58 CDT 2015,2015-08-07T00:00:00,121,757638406345,3,3174.96,
IMSS,47643-TULANCINGO,Tue Aug 18 18:12:58 CDT 2015,2015-08-07T00:00:00,121,757638603966,2,1161.04,
IMSS,47643-TULANCINGO,Tue Aug 18 18:12:58 CDT 2015,2015-08-07T00:00:00,121,757638817882,1,5932.62,
IMSS,39344-TIERRA BLANCA,Tue Aug 18 18:12:58 CDT 2015,2015-08-07T00:00:00,160,757638712491,1,630.50,
IMSS,39344-TIERRA BLANCA,Tue Aug 18 18:12:58 CDT 2015,2015-08-07T00:00:00,160,757638817561,1,4094.18,
IMSS,39344-TIERRA BLANCA,Tue Aug 18 18:12:58 CDT 2015,2015-08-07T00:00:00,160,757638340731,1,5790.76,
IMSS,39344-TIERRA BLANCA,Tue Aug 18 18:12:58 CDT 2015,2015-08-07T00:00:00,160,757638342001,1,8971.54,
IMSS,39344-TIERRA BLANCA,Tue Aug 18 18:12:58 CDT 2015,2015-08-07T00:00:00,160,757638341936,1,7487.34,
IMSS,39344-TIERRA BLANCA,Tue Aug 18 18:12:58 CDT 2015,2015-08-07T00:00:00,160,757638605038,2,1162.60,
IMSS,39344-TIERRA BLANCA,Tue Aug 18 18:12:58 CDT 2015,2015-08-07T00:00:00,160,757638603973,2,1345.34,
IMSS,74839-MONTERREY INDEPENDENCIA,Tue Aug 18 18:12:58 CDT 2015,2015-08-06T00:00:00,32,757638817882,2,5932.62,
IMSS,74839-MONTERREY INDEPENDENCIA,Tue Aug 18 18:12:58 CDT 2015,2015-08-06T00:00:00,32,757638341660,1,7487.34,
IMSS,74839-MONTERREY INDEPENDENCIA,Tue Aug 18 18:12:58 CDT 2015,2015-08-06T00:00:00,32,757638341653,2,6286.04,
IMSS,74839-MONTERREY INDEPENDENCIA,Tue Aug 18 18:12:58 CDT 2015,2015-08-06T00:00:00,32,757638340731,2,5790.76,
IMSS,74839-MONTERREY INDEPENDENCIA,Tue Aug 18 18:12:58 CDT 2015,2015-08-06T00:00:00,32,757638339407,2,5224.96,
IMSS,74839-MONTERREY INDEPENDENCIA,Tue Aug 18 18:12:58 CDT 2015,2015-08-06T00:00:00,32,757638338967,2,4836.28,
IMSS,74839-MONTERREY INDEPENDENCIA,Tue Aug 18 18:12:58 CDT 2015,2015-08-06T00:00:00,32,757638338950,2,4447.60,
IMSS,74839-MONTERREY INDEPENDENCIA,Tue Aug 18 18:12:58 CDT 2015,2015-08-06T00:00:00,32,757638341684,2,3988.40,
IMSS,74839-MONTERREY INDEPENDENCIA,Tue Aug 18 18:12:58 CDT 2015,2015-08-06T00:00:00,32,757638341929,1,9678.38,
IMSS,74839-MONTERREY INDEPENDENCIA,Tue Aug 18 18:12:58 CDT 2015,2015-08-06T00:00:00,32,757638342001,2,8971.54,
IMSS,74839-MONTERREY INDEPENDENCIA,Tue Aug 18 18:12:58 CDT 2015,2015-08-06T00:00:00,32,757638341912,2,8194.18,
IMSS,74839-MONTERREY INDEPENDENCIA,Tue Aug 18 18:12:58 CDT 2015,2015-08-06T00:00:00,32,757638341936,2,7487.34,
IMSS,74839-MONTERREY INDEPENDENCIA,Tue Aug 18 18:12:58 CDT 2015,2015-08-06T00:00:00,32,757638340977,2,5684.98,
IMSS,74839-MONTERREY INDEPENDENCIA,Tue Aug 18 18:12:58 CDT 2015,2015-08-06T00:00:00,32,757638340281,2,2786.28,
IMSS,74839-MONTERREY INDEPENDENCIA,Tue Aug 18 18:12:58 CDT 2015,2015-08-06T00:00:00,32,757638714143,2,1549.72,
IMSS,74839-MONTERREY INDEPENDENCIA,Tue Aug 18 18:12:58 CDT 2015,2015-08-06T00:00:00,32,757638817646,2,4157,
IMSS,74839-MONTERREY INDEPENDENCIA,Tue Aug 18 18:12:58 CDT 2015,2015-08-06T00:00:00,32,757638817851,2,5507.86,
IMSS,74839-MONTERREY INDEPENDENCIA,Tue Aug 18 18:12:58 CDT 2015,2015-08-06T00:00:00,32,757638512824,2,10951.02,
IMSS,74839-MONTERREY INDEPENDENCIA,Tue Aug 18 18:12:58 CDT 2015,2015-08-06T00:00:00,32,757638818940,2,4306.56,
IMSS,74838-MONTERREY INDEPENDENCIA,Tue Aug 18 18:12:58 CDT 2015,2015-08-06T00:00:00,32,757638902311,2,1019.18,
IMSS,74838-MONTERREY INDEPENDENCIA,Tue Aug 18 18:12:58 CDT 2015,2015-08-06T00:00:00,32,757638605137,5,771.54,
IMSS,74838-MONTERREY INDEPENDENCIA,Tue Aug 18 18:12:58 CDT 2015,2015-08-06T00:00:00,32,757638711623,1,2699.03,
IMSS,74838-MONTERREY INDEPENDENCIA,Tue Aug 18 18:12:58 CDT 2015,2015-08-06T00:00:00,32,757638605038,5,1162.60,
IMSS,74838-MONTERREY INDEPENDENCIA,Tue Aug 18 18:12:58 CDT 2015,2015-08-06T00:00:00,32,757638815307,1,5437.34,
IMSS,74838-MONTERREY INDEPENDENCIA,Tue Aug 18 18:12:58 CDT 2015,2015-08-06T00:00:00,32,757638815314,1,5437.34,
IMSS,74838-MONTERREY INDEPENDENCIA,Tue Aug 18 18:12:58 CDT 2015,2015-08-06T00:00:00,32,757638817721,2,4377.08,
IMSS,74838-MONTERREY INDEPENDENCIA,Tue Aug 18 18:12:58 CDT 2015,2015-08-06T00:00:00,32,757638713276,2,2008.92,
IMSS,74838-MONTERREY INDEPENDENCIA,Tue Aug 18 18:12:58 CDT 2015,2015-08-06T00:00:00,32,757638604833,5,1089.70,
IMSS,74838-MONTERREY INDEPENDENCIA,Tue Aug 18 18:12:58 CDT 2015,2015-08-06T00:00:00,32,757638604871,2,913.40,
IMSS,74838-MONTERREY INDEPENDENCIA,Tue Aug 18 18:12:58 CDT 2015,2015-08-06T00:00:00,32,757638817790,2,4942.88,
IMSS,74838-MONTERREY INDEPENDENCIA,Tue Aug 18 18:12:58 CDT 2015,2015-08-06T00:00:00,32,757638817783,2,4589.46,
IMSS,74838-MONTERREY INDEPENDENCIA,Tue Aug 18 18:12:58 CDT 2015,2015-08-06T00:00:00,32,757638817776,2,4589.46,
IMSS,74838-MONTERREY INDEPENDENCIA,Tue Aug 18 18:12:58 CDT 2015,2015-08-06T00:00:00,32,757638817561,2,4094.18,
IMSS,74838-MONTERREY INDEPENDENCIA,Tue Aug 18 18:12:58 CDT 2015,2015-08-06T00:00:00,32,757638817554,2,3882.62,
IMSS,51747-CD. OBREGON,Tue Aug 18 18:12:58 CDT 2015,2015-08-04T00:00:00,43,757638817721,2,4377.08,
IMSS,51747-CD. OBREGON,Tue Aug 18 18:12:58 CDT 2015,2015-08-04T00:00:00,43,757638820554,2,3174.96,
IMSS,51747-CD. OBREGON,Tue Aug 18 18:12:58 CDT 2015,2015-08-04T00:00:00,43,757638605038,2,1162.60,
IMSS,51747-CD. OBREGON,Tue Aug 18 18:12:58 CDT 2015,2015-08-04T00:00:00,43,757638339155,1,12153.14,
IMSS,51747-CD. OBREGON,Tue Aug 18 18:12:58 CDT 2015,2015-08-04T00:00:00,43,757638341967,4,6568.12,
IMSS,51747-CD. OBREGON,Tue Aug 18 18:12:58 CDT 2015,2015-08-04T00:00:00,43,757638341929,2,9678.38,
IMSS,51747-CD. OBREGON,Tue Aug 18 18:12:58 CDT 2015,2015-08-04T00:00:00,43,757638341653,2,6286.04,
IMSS,51747-CD. OBREGON,Tue Aug 18 18:12:58 CDT 2015,2015-08-04T00:00:00,43,757638817554,2,3882.62,
IMSS,51747-CD. OBREGON,Tue Aug 18 18:12:58 CDT 2015,2015-08-04T00:00:00,43,757638817561,2,4094.18,
IMSS,51747-CD. OBREGON,Tue Aug 18 18:12:58 CDT 2015,2015-08-04T00:00:00,43,757638603973,4,1345.34,
IMSS,51747-CD. OBREGON,Tue Aug 18 18:12:58 CDT 2015,2015-08-04T00:00:00,43,757638604871,10,913.40,
IMSS,51747-CD. OBREGON,Tue Aug 18 18:12:58 CDT 2015,2015-08-04T00:00:00,43,757638604833,4,1089.70,
IMSS,51747-CD. OBREGON,Tue Aug 18 18:12:58 CDT 2015,2015-08-04T00:00:00,43,757638341660,2,7487.34,
IMSS,49327-TAPACHULA,Tue Aug 18 18:12:58 CDT 2015,2015-08-04T00:00:00,12,757638714143,1,1549.72,
IMSS,49326-TAPACHULA,Tue Aug 18 18:12:58 CDT 2015,2015-08-04T00:00:00,12,757638817554,1,3882.62,
IMSS,49326-TAPACHULA,Tue Aug 18 18:12:58 CDT 2015,2015-08-04T00:00:00,12,757638817561,1,4094.18,
IMSS,49326-TAPACHULA,Tue Aug 18 18:12:58 CDT 2015,2015-08-04T00:00:00,12,757638817776,1,4589.46,
IMSS,52460-CD. GUZMAN,Tue Aug 18 18:12:58 CDT 2015,2015-08-03T00:00:00,25,757638817851,1,5507.86,
IMSS,52459-CD. GUZMAN,Tue Aug 18 18:12:58 CDT 2015,2015-08-03T00:00:00,25,757638406543,1,10951.02,
IMSS,52458-CD. GUZMAN,Tue Aug 18 18:12:58 CDT 2015,2015-08-03T00:00:00,25,757638340281,1,2786.28,
IMSS,52458-CD. GUZMAN,Tue Aug 18 18:12:58 CDT 2015,2015-08-03T00:00:00,25,757638340977,1,5684.98,
IMSS,52458-CD. GUZMAN,Tue Aug 18 18:12:58 CDT 2015,2015-08-03T00:00:00,25,757638341936,1,7487.34,
IMSS,52458-CD. GUZMAN,Tue Aug 18 18:12:58 CDT 2015,2015-08-03T00:00:00,25,757638341684,1,3988.40,
IMSS,52458-CD. GUZMAN,Tue Aug 18 18:12:58 CDT 2015,2015-08-03T00:00:00,25,757638341660,1,7487.34,
IMSS,52458-CD. GUZMAN,Tue Aug 18 18:12:58 CDT 2015,2015-08-03T00:00:00,25,757638340731,1,5790.76,
IMSS,52454-CD. GUZMAN,Tue Aug 18 18:12:58 CDT 2015,2015-08-03T00:00:00,25,757638607261,1,595.24,
IMSS,52453-CD. GUZMAN,Tue Aug 18 18:12:58 CDT 2015,2015-08-03T00:00:00,25,757638815307,1,5437.34,
IMSS,52453-CD. GUZMAN,Tue Aug 18 18:12:58 CDT 2015,2015-08-03T00:00:00,25,757638817561,1,4094.18,
IMSS,52453-CD. GUZMAN,Tue Aug 18 18:12:58 CDT 2015,2015-08-03T00:00:00,25,757638817776,1,4589.46,
IMSS,52453-CD. GUZMAN,Tue Aug 18 18:12:58 CDT 2015,2015-08-03T00:00:00,25,757638817790,1,4942.88,
IMSS,52453-CD. GUZMAN,Tue Aug 18 18:12:58 CDT 2015,2015-08-03T00:00:00,25,757638713276,1,2008.92,
IMSS,83372-GUADALAJARA CENTRO MEDICO,Tue Aug 18 18:12:58 CDT 2015,2015-08-01T00:00:00,23,757638815314,1,5437.34,
IMSS,83372-GUADALAJARA CENTRO MEDICO,Tue Aug 18 18:12:58 CDT 2015,2015-08-01T00:00:00,23,757638603973,2,1345.34,
IMSS,83372-GUADALAJARA CENTRO MEDICO,Tue Aug 18 18:12:58 CDT 2015,2015-08-01T00:00:00,23,757638817790,2,4942.88,
IMSS,83372-GUADALAJARA CENTRO MEDICO,Tue Aug 18 18:12:58 CDT 2015,2015-08-01T00:00:00,23,757638818940,2,4306.56,
IMSS,83372-GUADALAJARA CENTRO MEDICO,Tue Aug 18 18:12:58 CDT 2015,2015-08-01T00:00:00,23,757638817783,2,4589.46,
IMSS,83372-GUADALAJARA CENTRO MEDICO,Tue Aug 18 18:12:58 CDT 2015,2015-08-01T00:00:00,23,757638817776,2,4589.46,
IMSS,83372-GUADALAJARA CENTRO MEDICO,Tue Aug 18 18:12:58 CDT 2015,2015-08-01T00:00:00,23,757638815307,1,5437.34,
IMSS,83372-GUADALAJARA CENTRO MEDICO,Tue Aug 18 18:12:58 CDT 2015,2015-08-01T00:00:00,23,757638607261,10,595.24,
IMSS,83372-GUADALAJARA CENTRO MEDICO,Tue Aug 18 18:12:58 CDT 2015,2015-08-01T00:00:00,23,757638605137,5,771.54,
IMSS,83372-GUADALAJARA CENTRO MEDICO,Tue Aug 18 18:12:58 CDT 2015,2015-08-01T00:00:00,23,757638340977,2,5684.98,
IMSS,83372-GUADALAJARA CENTRO MEDICO,Tue Aug 18 18:12:58 CDT 2015,2015-08-01T00:00:00,23,757638340731,2,5790.76,
IMSS,83372-GUADALAJARA CENTRO MEDICO,Tue Aug 18 18:12:58 CDT 2015,2015-08-01T00:00:00,23,757638817561,2,4094.18,
IMSS,83372-GUADALAJARA CENTRO MEDICO,Tue Aug 18 18:12:58 CDT 2015,2015-08-01T00:00:00,23,757638817554,2,3882.62,
IMSS,57992-MAZATLAN,Tue Aug 18 18:12:58 CDT 2015,2015-07-31T00:00:00,41,757638817776,1,4589.46,
IMSS,57992-MAZATLAN,Tue Aug 18 18:12:58 CDT 2015,2015-07-31T00:00:00,41,757638340977,1,5684.98,
IMSS,57992-MAZATLAN,Tue Aug 18 18:12:58 CDT 2015,2015-07-31T00:00:00,41,757638340281,1,2786.28,
IMSS,57992-MAZATLAN,Tue Aug 18 18:12:58 CDT 2015,2015-07-31T00:00:00,41,757638714143,1,1549.72,
IMSS,57992-MAZATLAN,Tue Aug 18 18:12:58 CDT 2015,2015-07-31T00:00:00,41,757638341929,1,9678.38,
IMSS,57992-MAZATLAN,Tue Aug 18 18:12:58 CDT 2015,2015-07-31T00:00:00,41,757638603973,2,1345.34,
IMSS,57992-MAZATLAN,Tue Aug 18 18:12:58 CDT 2015,2015-07-31T00:00:00,41,757638604833,1,1089.70,
IMSS,57992-MAZATLAN,Tue Aug 18 18:12:58 CDT 2015,2015-07-31T00:00:00,41,757638605038,1,1162.60,
IMSS,57992-MAZATLAN,Tue Aug 18 18:12:58 CDT 2015,2015-07-31T00:00:00,41,757638711623,1,2699.03,
IMSS,54967-COLIMA,Tue Aug 18 18:12:58 CDT 2015,2015-07-31T00:00:00,10,757638817776,1,4589.46,
IMSS,54967-COLIMA,Tue Aug 18 18:12:58 CDT 2015,2015-07-31T00:00:00,10,757638712491,4,630.50,
IMSS,54967-COLIMA,Tue Aug 18 18:12:58 CDT 2015,2015-07-31T00:00:00,10,757638820554,2,3174.96,
IMSS,54967-COLIMA,Tue Aug 18 18:12:58 CDT 2015,2015-07-31T00:00:00,10,757638817882,2,5932.62,
IMSS,54967-COLIMA,Tue Aug 18 18:12:58 CDT 2015,2015-07-31T00:00:00,10,757638817851,2,5507.86,
IMSS,54967-COLIMA,Tue Aug 18 18:12:58 CDT 2015,2015-07-31T00:00:00,10,757638607261,4,595.24,
IMSS,54967-COLIMA,Tue Aug 18 18:12:58 CDT 2015,2015-07-31T00:00:00,10,757638605137,5,771.54,
IMSS,54967-COLIMA,Tue Aug 18 18:12:58 CDT 2015,2015-07-31T00:00:00,10,757638340281,2,2786.28,
IMSS,53505-ORIZABA,Tue Aug 18 18:12:58 CDT 2015,2015-07-31T00:00:00,57,757638406345,1,3174.96,
IMSS,53505-ORIZABA,Tue Aug 18 18:12:58 CDT 2015,2015-07-31T00:00:00,57,757638713276,2,2008.92,
IMSS,53505-ORIZABA,Tue Aug 18 18:12:58 CDT 2015,2015-07-31T00:00:00,57,757638340281,2,2786.28,
IMSS,53505-ORIZABA,Tue Aug 18 18:12:58 CDT 2015,2015-07-31T00:00:00,57,757638342551,2,2786.28,
IMSS,53505-ORIZABA,Tue Aug 18 18:12:58 CDT 2015,2015-07-31T00:00:00,57,757638332644,2,3882.62,
IMSS,47589-TULANCINGO,Tue Aug 18 18:12:58 CDT 2015,2015-07-31T00:00:00,121,757638817776,1,4589.46,
IMSS,47589-TULANCINGO,Tue Aug 18 18:12:58 CDT 2015,2015-07-31T00:00:00,121,757638817790,1,4942.88,
IMSS,47589-TULANCINGO,Tue Aug 18 18:12:58 CDT 2015,2015-07-31T00:00:00,121,757638817882,1,5932.62,
IMSS,47589-TULANCINGO,Tue Aug 18 18:12:58 CDT 2015,2015-07-31T00:00:00,121,757638338967,1,4836.28,
IMSS,47589-TULANCINGO,Tue Aug 18 18:12:58 CDT 2015,2015-07-31T00:00:00,121,757638341653,2,6286.04,
IMSS,42425-MINATITLAN,Tue Aug 18 18:12:58 CDT 2015,2015-07-31T00:00:00,124,757638341660,1,7487.34,
IMSS,42425-MINATITLAN,Tue Aug 18 18:12:58 CDT 2015,2015-07-31T00:00:00,124,757638339407,1,5224.96,
IMSS,42425-MINATITLAN,Tue Aug 18 18:12:58 CDT 2015,2015-07-31T00:00:00,124,757638338967,1,4836.28,
IMSS,42425-MINATITLAN,Tue Aug 18 18:12:58 CDT 2015,2015-07-31T00:00:00,124,757638340977,1,5684.98,
IMSS,42425-MINATITLAN,Tue Aug 18 18:12:58 CDT 2015,2015-07-31T00:00:00,124,757638817554,1,3882.62,
IMSS,42425-MINATITLAN,Tue Aug 18 18:12:58 CDT 2015,2015-07-31T00:00:00,124,757638817561,1,4094.18,
IMSS,42425-MINATITLAN,Tue Aug 18 18:12:58 CDT 2015,2015-07-31T00:00:00,124,757638605038,1,1162.60,
IMSS,42425-MINATITLAN,Tue Aug 18 18:12:58 CDT 2015,2015-07-31T00:00:00,124,757638604833,1,1089.70,
IMSS,42425-MINATITLAN,Tue Aug 18 18:12:58 CDT 2015,2015-07-31T00:00:00,124,757638817721,1,4377.08,
IMSS,42425-MINATITLAN,Tue Aug 18 18:12:58 CDT 2015,2015-07-31T00:00:00,124,757638817776,1,4589.46,
IMSS,42425-MINATITLAN,Tue Aug 18 18:12:58 CDT 2015,2015-07-31T00:00:00,124,757638607261,2,595.24,
IMSS,55761-IRAPUATO,Tue Aug 18 18:12:58 CDT 2015,2015-07-30T00:00:00,20,757638605038,5,1162.60,
IMSS,55761-IRAPUATO,Tue Aug 18 18:12:58 CDT 2015,2015-07-30T00:00:00,20,757638817851,1,5507.86,
IMSS,55761-IRAPUATO,Tue Aug 18 18:12:58 CDT 2015,2015-07-30T00:00:00,20,757638817752,1,4377.08,
IMSS,55761-IRAPUATO,Tue Aug 18 18:12:58 CDT 2015,2015-07-30T00:00:00,20,757638817646,1,4157,
IMSS,55761-IRAPUATO,Tue Aug 18 18:12:58 CDT 2015,2015-07-30T00:00:00,20,757638605137,5,771.54,
IMSS,55761-IRAPUATO,Tue Aug 18 18:12:58 CDT 2015,2015-07-30T00:00:00,20,757638340977,1,5684.98,
IMSS,55761-IRAPUATO,Tue Aug 18 18:12:58 CDT 2015,2015-07-30T00:00:00,20,757638338967,2,4836.28,
IMSS,55761-IRAPUATO,Tue Aug 18 18:12:58 CDT 2015,2015-07-30T00:00:00,20,757638512824,1,10951.02,
IMSS,55761-IRAPUATO,Tue Aug 18 18:12:58 CDT 2015,2015-07-30T00:00:00,20,757638902281,1,835.50,
IMSS,55761-IRAPUATO,Tue Aug 18 18:12:58 CDT 2015,2015-07-30T00:00:00,20,757638902311,1,1019.18,
IMSS,55761-IRAPUATO,Tue Aug 18 18:12:58 CDT 2015,2015-07-30T00:00:00,20,757638902335,1,842.88,
IMSS,55761-IRAPUATO,Tue Aug 18 18:12:58 CDT 2015,2015-07-30T00:00:00,20,757638817554,1,3882.62,
IMSS,55761-IRAPUATO,Tue Aug 18 18:12:58 CDT 2015,2015-07-30T00:00:00,20,757638817783,1,4589.46,
IMSS,55761-IRAPUATO,Tue Aug 18 18:12:58 CDT 2015,2015-07-30T00:00:00,20,757638818940,1,4306.56,
IMSS,55761-IRAPUATO,Tue Aug 18 18:12:58 CDT 2015,2015-07-30T00:00:00,20,757638817790,1,4942.88,
IMSS,55761-IRAPUATO,Tue Aug 18 18:12:58 CDT 2015,2015-07-30T00:00:00,20,757638712491,1,630.50,
IMSS,55761-IRAPUATO,Tue Aug 18 18:12:58 CDT 2015,2015-07-30T00:00:00,20,757638603973,5,1345.34,
IMSS,55761-IRAPUATO,Tue Aug 18 18:12:58 CDT 2015,2015-07-30T00:00:00,20,757638406543,1,10951.02,
IMSS,51720-CD. OBREGON,Tue Aug 18 18:12:58 CDT 2015,2015-07-30T00:00:00,43,757638341653,3,6286.04,
IMSS,51720-CD. OBREGON,Tue Aug 18 18:12:58 CDT 2015,2015-07-30T00:00:00,43,757638604871,10,913.40,
IMSS,51720-CD. OBREGON,Tue Aug 18 18:12:58 CDT 2015,2015-07-30T00:00:00,43,757638604833,5,1089.70,
IMSS,51720-CD. OBREGON,Tue Aug 18 18:12:58 CDT 2015,2015-07-30T00:00:00,43,757638817561,3,4094.18,
IMSS,51720-CD. OBREGON,Tue Aug 18 18:12:58 CDT 2015,2015-07-30T00:00:00,43,757638341660,3,7487.34,
IMSS,51720-CD. OBREGON,Tue Aug 18 18:12:58 CDT 2015,2015-07-30T00:00:00,43,757638603973,5,1345.34,
IMSS,51720-CD. OBREGON,Tue Aug 18 18:12:58 CDT 2015,2015-07-30T00:00:00,43,757638340731,3,5790.76,
IMSS,51720-CD. OBREGON,Tue Aug 18 18:12:58 CDT 2015,2015-07-30T00:00:00,43,757638341912,3,8194.18,
IMSS,51720-CD. OBREGON,Tue Aug 18 18:12:58 CDT 2015,2015-07-30T00:00:00,43,757638341936,3,7487.34,
IMSS,51720-CD. OBREGON,Tue Aug 18 18:12:58 CDT 2015,2015-07-30T00:00:00,43,757638820554,3,3174.96,
IMSS,51720-CD. OBREGON,Tue Aug 18 18:12:58 CDT 2015,2015-07-30T00:00:00,43,757638713276,3,2008.92,
IMSS,49301-TAPACHULA,Tue Aug 18 18:12:58 CDT 2015,2015-07-30T00:00:00,12,757638341967,2,6568.12,
IMSS,49301-TAPACHULA,Tue Aug 18 18:12:58 CDT 2015,2015-07-30T00:00:00,12,757638341936,2,7487.34,
IMSS,49301-TAPACHULA,Tue Aug 18 18:12:58 CDT 2015,2015-07-30T00:00:00,12,757638340731,2,5790.76,
IMSS,49301-TAPACHULA,Tue Aug 18 18:12:58 CDT 2015,2015-07-30T00:00:00,12,757638341653,2,6286.04,
IMSS,49301-TAPACHULA,Tue Aug 18 18:12:58 CDT 2015,2015-07-30T00:00:00,12,757638339407,2,5224.96,
IMSS,49301-TAPACHULA,Tue Aug 18 18:12:58 CDT 2015,2015-07-30T00:00:00,12,757638338967,2,4836.28,
IMSS,49301-TAPACHULA,Tue Aug 18 18:12:58 CDT 2015,2015-07-30T00:00:00,12,757638341929,1,9678.38,
IMSS,49301-TAPACHULA,Tue Aug 18 18:12:58 CDT 2015,2015-07-30T00:00:00,12,757638342001,1,8971.54,
IMSS,49301-TAPACHULA,Tue Aug 18 18:12:58 CDT 2015,2015-07-30T00:00:00,12,757638341912,1,8194.18,
IMSS,49301-TAPACHULA,Tue Aug 18 18:12:58 CDT 2015,2015-07-30T00:00:00,12,757638341660,1,7487.34,
IMSS,49300-TAPACHULA,Tue Aug 18 18:12:58 CDT 2015,2015-07-30T00:00:00,12,757638406543,2,10951.02,
IMSS,49300-TAPACHULA,Tue Aug 18 18:12:58 CDT 2015,2015-07-30T00:00:00,12,757638714143,2,1549.72,
IMSS,49299-TAPACHULA,Tue Aug 18 18:12:58 CDT 2015,2015-07-30T00:00:00,12,757638603973,3,1345.34,
IMSS,49299-TAPACHULA,Tue Aug 18 18:12:58 CDT 2015,2015-07-30T00:00:00,12,757638605038,3,1162.60,
IMSS,49299-TAPACHULA,Tue Aug 18 18:12:58 CDT 2015,2015-07-30T00:00:00,12,757638604833,3,1089.70,
IMSS,49299-TAPACHULA,Tue Aug 18 18:12:58 CDT 2015,2015-07-30T00:00:00,12,757638605137,3,771.54,
IMSS,49298-TAPACHULA,Tue Aug 18 18:12:58 CDT 2015,2015-07-30T00:00:00,12,757638817646,1,4157,
IMSS,49298-TAPACHULA,Tue Aug 18 18:12:58 CDT 2015,2015-07-30T00:00:00,12,757638817554,2,3882.62,
IMSS,49298-TAPACHULA,Tue Aug 18 18:12:58 CDT 2015,2015-07-30T00:00:00,12,757638817561,2,4094.18,
IMSS,49298-TAPACHULA,Tue Aug 18 18:12:58 CDT 2015,2015-07-30T00:00:00,12,757638817776,1,4589.46,
IMSS,49298-TAPACHULA,Tue Aug 18 18:12:58 CDT 2015,2015-07-30T00:00:00,12,757638817752,1,4377.08,
IMSS,49298-TAPACHULA,Tue Aug 18 18:12:58 CDT 2015,2015-07-30T00:00:00,12,757638820554,2,3174.96,
IMSS,49298-TAPACHULA,Tue Aug 18 18:12:58 CDT 2015,2015-07-30T00:00:00,12,757638712491,3,630.50,
IMSS,49298-TAPACHULA,Tue Aug 18 18:12:58 CDT 2015,2015-07-30T00:00:00,12,757638817790,1,4942.88,
IMSS,49298-TAPACHULA,Tue Aug 18 18:12:58 CDT 2015,2015-07-30T00:00:00,12,757638818940,2,4306.56,
IMSS,49298-TAPACHULA,Tue Aug 18 18:12:58 CDT 2015,2015-07-30T00:00:00,12,757638817783,1,4589.46,
IMSS,45472-CD. SAHAGUN,Tue Aug 18 18:12:58 CDT 2015,2015-07-30T00:00:00,116,757638341653,1,6286.04,
IMSS,45472-CD. SAHAGUN,Tue Aug 18 18:12:58 CDT 2015,2015-07-30T00:00:00,116,757638339407,2,5224.96,
IMSS,45472-CD. SAHAGUN,Tue Aug 18 18:12:58 CDT 2015,2015-07-30T00:00:00,116,757638338950,1,4447.60,
IMSS,45472-CD. SAHAGUN,Tue Aug 18 18:12:58 CDT 2015,2015-07-30T00:00:00,116,757638605137,1,771.54,
IMSS,45472-CD. SAHAGUN,Tue Aug 18 18:12:58 CDT 2015,2015-07-30T00:00:00,116,757638607261,2,595.24,
IMSS,45472-CD. SAHAGUN,Tue Aug 18 18:12:58 CDT 2015,2015-07-30T00:00:00,116,757638605038,2,1162.60,
IMSS,45472-CD. SAHAGUN,Tue Aug 18 18:12:58 CDT 2015,2015-07-30T00:00:00,116,757638817721,1,4377.08,
IMSS,45472-CD. SAHAGUN,Tue Aug 18 18:12:58 CDT 2015,2015-07-30T00:00:00,116,757638406543,1,10951.02,
IMSS,45472-CD. SAHAGUN,Tue Aug 18 18:12:58 CDT 2015,2015-07-30T00:00:00,116,757638604833,1,1089.70,
IMSS,45472-CD. SAHAGUN,Tue Aug 18 18:12:58 CDT 2015,2015-07-30T00:00:00,116,757638603973,1,1345.34,
IMSS,45472-CD. SAHAGUN,Tue Aug 18 18:12:58 CDT 2015,2015-07-30T00:00:00,116,757638818940,1,4306.56,
IMSS,45472-CD. SAHAGUN,Tue Aug 18 18:12:58 CDT 2015,2015-07-30T00:00:00,116,757638902335,1,842.88,
IMSS,45472-CD. SAHAGUN,Tue Aug 18 18:12:58 CDT 2015,2015-07-30T00:00:00,116,757638902328,1,842.88,
IMSS,53485-ORIZABA,Tue Aug 18 18:12:58 CDT 2015,2015-07-28T00:00:00,57,757638341929,2,9678.38,
IMSS,53485-ORIZABA,Tue Aug 18 18:12:58 CDT 2015,2015-07-28T00:00:00,57,757638340731,3,5790.76,
IMSS,53485-ORIZABA,Tue Aug 18 18:12:58 CDT 2015,2015-07-28T00:00:00,57,757638338967,4,4836.28,
IMSS,53485-ORIZABA,Tue Aug 18 18:12:58 CDT 2015,2015-07-28T00:00:00,57,757638341851,3,10739.46,
IMSS,53485-ORIZABA,Tue Aug 18 18:12:58 CDT 2015,2015-07-28T00:00:00,57,757638341653,2,6286.04,
IMSS,53485-ORIZABA,Tue Aug 18 18:12:58 CDT 2015,2015-07-28T00:00:00,57,757638341660,2,7487.34,
IMSS,53485-ORIZABA,Tue Aug 18 18:12:58 CDT 2015,2015-07-28T00:00:00,57,757638342001,2,8971.54,
IMSS,53485-ORIZABA,Tue Aug 18 18:12:58 CDT 2015,2015-07-28T00:00:00,57,757638341912,3,8194.18,
IMSS,53485-ORIZABA,Tue Aug 18 18:12:58 CDT 2015,2015-07-28T00:00:00,57,757638341936,2,7487.34,
IMSS,53485-ORIZABA,Tue Aug 18 18:12:58 CDT 2015,2015-07-28T00:00:00,57,757638341967,3,6568.12,
IMSS,53485-ORIZABA,Tue Aug 18 18:12:58 CDT 2015,2015-07-28T00:00:00,57,757638339155,1,12153.14,
IMSS,53483-ORIZABA,Tue Aug 18 18:12:58 CDT 2015,2015-07-28T00:00:00,57,757638817851,2,5507.86,
IMSS,53483-ORIZABA,Tue Aug 18 18:12:58 CDT 2015,2015-07-28T00:00:00,57,757638817646,2,4157,
IMSS,53483-ORIZABA,Tue Aug 18 18:12:58 CDT 2015,2015-07-28T00:00:00,57,757638714143,2,1549.72,
IMSS,53483-ORIZABA,Tue Aug 18 18:12:58 CDT 2015,2015-07-28T00:00:00,57,757638820554,2,3174.96,
IMSS,53483-ORIZABA,Tue Aug 18 18:12:58 CDT 2015,2015-07-28T00:00:00,57,757638817554,2,3882.62,
IMSS,53483-ORIZABA,Tue Aug 18 18:12:58 CDT 2015,2015-07-28T00:00:00,57,757638817561,2,4094.18,
IMSS,53483-ORIZABA,Tue Aug 18 18:12:58 CDT 2015,2015-07-28T00:00:00,57,757638817776,3,4589.46,
IMSS,53483-ORIZABA,Tue Aug 18 18:12:58 CDT 2015,2015-07-28T00:00:00,57,757638817790,3,4942.88,
IMSS,53483-ORIZABA,Tue Aug 18 18:12:58 CDT 2015,2015-07-28T00:00:00,57,757638712491,3,630.50,
IMSS,53483-ORIZABA,Tue Aug 18 18:12:58 CDT 2015,2015-07-28T00:00:00,57,757638713276,1,2008.92,
IMSS,53483-ORIZABA,Tue Aug 18 18:12:58 CDT 2015,2015-07-28T00:00:00,57,757638406543,2,10951.02,
IMSS,53483-ORIZABA,Tue Aug 18 18:12:58 CDT 2015,2015-07-28T00:00:00,57,757638820561,2,5437.34,
IMSS,53476-ORIZABA,Tue Aug 18 18:12:58 CDT 2015,2015-07-28T00:00:00,57,757638603973,5,1345.34,
IMSS,53476-ORIZABA,Tue Aug 18 18:12:58 CDT 2015,2015-07-28T00:00:00,57,757638605137,3,771.54,
IMSS,53476-ORIZABA,Tue Aug 18 18:12:58 CDT 2015,2015-07-28T00:00:00,57,757638607261,3,595.24,
IMSS,53476-ORIZABA,Tue Aug 18 18:12:58 CDT 2015,2015-07-28T00:00:00,57,757638605038,5,1162.60,
IMSS,53476-ORIZABA,Tue Aug 18 18:12:58 CDT 2015,2015-07-28T00:00:00,57,757638604833,5,1089.70,
IMSS,50413-MONCLOVA,Tue Aug 18 18:12:58 CDT 2015,2015-07-28T00:00:00,9,757638341660,2,7487.34,
IMSS,50413-MONCLOVA,Tue Aug 18 18:12:58 CDT 2015,2015-07-28T00:00:00,9,757638341653,2,6286.04,
IMSS,50413-MONCLOVA,Tue Aug 18 18:12:58 CDT 2015,2015-07-28T00:00:00,9,757638340731,2,5790.76,
IMSS,50413-MONCLOVA,Tue Aug 18 18:12:58 CDT 2015,2015-07-28T00:00:00,9,757638338950,1,4447.60,
IMSS,50413-MONCLOVA,Tue Aug 18 18:12:58 CDT 2015,2015-07-28T00:00:00,9,757638339988,1,3740.76,
IMSS,50413-MONCLOVA,Tue Aug 18 18:12:58 CDT 2015,2015-07-28T00:00:00,9,757638341684,1,3988.40,
IMSS,50413-MONCLOVA,Tue Aug 18 18:12:58 CDT 2015,2015-07-28T00:00:00,9,757638342162,1,12011.28,
IMSS,50413-MONCLOVA,Tue Aug 18 18:12:58 CDT 2015,2015-07-28T00:00:00,9,757638341851,1,10739.46,
IMSS,50413-MONCLOVA,Tue Aug 18 18:12:58 CDT 2015,2015-07-28T00:00:00,9,757638341929,1,9678.38,
IMSS,50413-MONCLOVA,Tue Aug 18 18:12:58 CDT 2015,2015-07-28T00:00:00,9,757638341912,1,8194.18,
IMSS,50413-MONCLOVA,Tue Aug 18 18:12:58 CDT 2015,2015-07-28T00:00:00,9,757638341936,2,7487.34,
IMSS,50413-MONCLOVA,Tue Aug 18 18:12:58 CDT 2015,2015-07-28T00:00:00,9,757638605137,5,771.54,
IMSS,50413-MONCLOVA,Tue Aug 18 18:12:58 CDT 2015,2015-07-28T00:00:00,9,757638607261,2,595.24,
IMSS,50413-MONCLOVA,Tue Aug 18 18:12:58 CDT 2015,2015-07-28T00:00:00,9,757638339155,1,12153.14,
IMSS,50413-MONCLOVA,Tue Aug 18 18:12:58 CDT 2015,2015-07-28T00:00:00,9,757638605038,5,1162.60,
IMSS,50413-MONCLOVA,Tue Aug 18 18:12:58 CDT 2015,2015-07-28T00:00:00,9,757638817851,2,5507.86,
IMSS,50413-MONCLOVA,Tue Aug 18 18:12:58 CDT 2015,2015-07-28T00:00:00,9,757638604871,10,913.40,
IMSS,50413-MONCLOVA,Tue Aug 18 18:12:58 CDT 2015,2015-07-28T00:00:00,9,757638817882,1,5932.62,
IMSS,50413-MONCLOVA,Tue Aug 18 18:12:58 CDT 2015,2015-07-28T00:00:00,9,757638603973,5,1345.34,
IMSS,59172-TIJUANA,Tue Aug 18 18:12:58 CDT 2015,2015-07-24T00:00:00,65,757638817561,3,4094.18,
IMSS,59172-TIJUANA,Tue Aug 18 18:12:58 CDT 2015,2015-07-24T00:00:00,65,757638817554,2,3882.62,
IMSS,59172-TIJUANA,Tue Aug 18 18:12:58 CDT 2015,2015-07-24T00:00:00,65,757638902311,5,1019.18,
IMSS,59172-TIJUANA,Tue Aug 18 18:12:58 CDT 2015,2015-07-24T00:00:00,65,757638818940,2,4306.56,
IMSS,59172-TIJUANA,Tue Aug 18 18:12:58 CDT 2015,2015-07-24T00:00:00,65,757638712491,3,630.50,
IMSS,59172-TIJUANA,Tue Aug 18 18:12:58 CDT 2015,2015-07-24T00:00:00,65,757638603973,3,1345.34,
IMSS,59172-TIJUANA,Tue Aug 18 18:12:58 CDT 2015,2015-07-24T00:00:00,65,757638817882,3,5932.62,
IMSS,59172-TIJUANA,Tue Aug 18 18:12:58 CDT 2015,2015-07-24T00:00:00,65,757638817752,3,4377.08,
IMSS,59172-TIJUANA,Tue Aug 18 18:12:58 CDT 2015,2015-07-24T00:00:00,65,757638605038,5,1162.60,
IMSS,59172-TIJUANA,Tue Aug 18 18:12:58 CDT 2015,2015-07-24T00:00:00,65,757638607261,3,595.24,
IMSS,59172-TIJUANA,Tue Aug 18 18:12:58 CDT 2015,2015-07-24T00:00:00,65,757638341967,3,6568.12,
IMSS,59172-TIJUANA,Tue Aug 18 18:12:58 CDT 2015,2015-07-24T00:00:00,65,757638341936,2,7487.34,
IMSS,59172-TIJUANA,Tue Aug 18 18:12:58 CDT 2015,2015-07-24T00:00:00,65,757638341912,2,8194.18,
IMSS,59172-TIJUANA,Tue Aug 18 18:12:58 CDT 2015,2015-07-24T00:00:00,65,757638341851,2,10739.46,
IMSS,59172-TIJUANA,Tue Aug 18 18:12:58 CDT 2015,2015-07-24T00:00:00,65,757638340731,3,5790.76,
IMSS,59172-TIJUANA,Tue Aug 18 18:12:58 CDT 2015,2015-07-24T00:00:00,65,757638341653,3,6286.04,
IMSS,59172-TIJUANA,Tue Aug 18 18:12:58 CDT 2015,2015-07-24T00:00:00,65,757638512824,3,10951.02,
IMSS,59172-TIJUANA,Tue Aug 18 18:12:58 CDT 2015,2015-07-24T00:00:00,65,757638341660,3,7487.34,
IMSS,48115-ZAMORA,Tue Aug 18 18:12:58 CDT 2015,2015-07-24T00:00:00,148,757638815314,1,5437.34,
IMSS,48115-ZAMORA,Tue Aug 18 18:12:58 CDT 2015,2015-07-24T00:00:00,148,757638902281,1,835.50,
IMSS,48115-ZAMORA,Tue Aug 18 18:12:58 CDT 2015,2015-07-24T00:00:00,148,757638603973,3,1345.34,
IMSS,48115-ZAMORA,Tue Aug 18 18:12:58 CDT 2015,2015-07-24T00:00:00,148,757638820561,1,5437.34,
IMSS,48115-ZAMORA,Tue Aug 18 18:12:58 CDT 2015,2015-07-24T00:00:00,148,757638406543,1,10951.02,
IMSS,48115-ZAMORA,Tue Aug 18 18:12:58 CDT 2015,2015-07-24T00:00:00,148,757638902311,1,1019.18,
IMSS,48115-ZAMORA,Tue Aug 18 18:12:58 CDT 2015,2015-07-24T00:00:00,148,757638815307,1,5437.34,
IMSS,48115-ZAMORA,Tue Aug 18 18:12:58 CDT 2015,2015-07-24T00:00:00,148,757638605038,3,1162.60,
IMSS,48115-ZAMORA,Tue Aug 18 18:12:58 CDT 2015,2015-07-24T00:00:00,148,757638607261,3,595.24,
IMSS,48115-ZAMORA,Tue Aug 18 18:12:58 CDT 2015,2015-07-24T00:00:00,148,757638340281,1,2786.28,
IMSS,48115-ZAMORA,Tue Aug 18 18:12:58 CDT 2015,2015-07-24T00:00:00,148,757638512824,1,10951.02,
IMSS,44151-TUXTEPEC,Tue Aug 18 18:12:58 CDT 2015,2015-07-24T00:00:00,110,757638605137,3,771.54,
IMSS,44151-TUXTEPEC,Tue Aug 18 18:12:58 CDT 2015,2015-07-24T00:00:00,110,757638603973,3,1345.34,
IMSS,44151-TUXTEPEC,Tue Aug 18 18:12:58 CDT 2015,2015-07-24T00:00:00,110,757638605038,3,1162.60,
IMSS,44151-TUXTEPEC,Tue Aug 18 18:12:58 CDT 2015,2015-07-24T00:00:00,110,757638604833,3,1089.70,
IMSS,77162-CHIHUAHUA,Tue Aug 18 18:12:58 CDT 2015,2015-07-23T00:00:00,14,757638341912,2,8194.18,
IMSS,77162-CHIHUAHUA,Tue Aug 18 18:12:58 CDT 2015,2015-07-23T00:00:00,14,757638605137,3,771.54,
IMSS,77162-CHIHUAHUA,Tue Aug 18 18:12:58 CDT 2015,2015-07-23T00:00:00,14,757638340281,1,2786.28,
IMSS,77162-CHIHUAHUA,Tue Aug 18 18:12:58 CDT 2015,2015-07-23T00:00:00,14,757638341967,2,6568.12,
IMSS,77162-CHIHUAHUA,Tue Aug 18 18:12:58 CDT 2015,2015-07-23T00:00:00,14,757638341936,2,7487.34,
IMSS,77162-CHIHUAHUA,Tue Aug 18 18:12:58 CDT 2015,2015-07-23T00:00:00,14,757638339155,2,12153.14,
IMSS,77162-CHIHUAHUA,Tue Aug 18 18:12:58 CDT 2015,2015-07-23T00:00:00,14,757638341929,2,9678.38,
IMSS,77162-CHIHUAHUA,Tue Aug 18 18:12:58 CDT 2015,2015-07-23T00:00:00,14,757638341851,2,10739.46,
IMSS,77162-CHIHUAHUA,Tue Aug 18 18:12:58 CDT 2015,2015-07-23T00:00:00,14,757638342162,2,12011.28,
IMSS,77162-CHIHUAHUA,Tue Aug 18 18:12:58 CDT 2015,2015-07-23T00:00:00,14,757638340731,2,5790.76,
IMSS,77162-CHIHUAHUA,Tue Aug 18 18:12:58 CDT 2015,2015-07-23T00:00:00,14,757638341653,2,6286.04,
IMSS,77162-CHIHUAHUA,Tue Aug 18 18:12:58 CDT 2015,2015-07-23T00:00:00,14,757638341660,2,7487.34,
IMSS,77162-CHIHUAHUA,Tue Aug 18 18:12:58 CDT 2015,2015-07-23T00:00:00,14,757638512824,2,10951.02,
IMSS,77162-CHIHUAHUA,Tue Aug 18 18:12:58 CDT 2015,2015-07-23T00:00:00,14,757638902281,5,835.50,
IMSS,77162-CHIHUAHUA,Tue Aug 18 18:12:58 CDT 2015,2015-07-23T00:00:00,14,757638902311,6,1019.18,
IMSS,77162-CHIHUAHUA,Tue Aug 18 18:12:58 CDT 2015,2015-07-23T00:00:00,14,757638902335,4,842.88,
IMSS,77162-CHIHUAHUA,Tue Aug 18 18:12:58 CDT 2015,2015-07-23T00:00:00,14,757638817646,2,4157,
IMSS,77162-CHIHUAHUA,Tue Aug 18 18:12:58 CDT 2015,2015-07-23T00:00:00,14,757638605038,6,1162.60,
IMSS,77162-CHIHUAHUA,Tue Aug 18 18:12:58 CDT 2015,2015-07-23T00:00:00,14,757638817851,2,5507.86,
IMSS,77162-CHIHUAHUA,Tue Aug 18 18:12:58 CDT 2015,2015-07-23T00:00:00,14,757638817752,1,4377.08,
IMSS,77162-CHIHUAHUA,Tue Aug 18 18:12:58 CDT 2015,2015-07-23T00:00:00,14,757638604871,4,913.40,
IMSS,77162-CHIHUAHUA,Tue Aug 18 18:12:58 CDT 2015,2015-07-23T00:00:00,14,757638817882,2,5932.62,
IMSS,77162-CHIHUAHUA,Tue Aug 18 18:12:58 CDT 2015,2015-07-23T00:00:00,14,757638603973,8,1345.34,
IMSS,77162-CHIHUAHUA,Tue Aug 18 18:12:58 CDT 2015,2015-07-23T00:00:00,14,757638817561,1,4094.18,
IMSS,77162-CHIHUAHUA,Tue Aug 18 18:12:58 CDT 2015,2015-07-23T00:00:00,14,757638817554,1,3882.62,
IMSS,61040-CD. DELICIAS,Tue Aug 18 18:12:58 CDT 2015,2015-07-23T00:00:00,102,757638817530,1,3882.62,
IMSS,61040-CD. DELICIAS,Tue Aug 18 18:12:58 CDT 2015,2015-07-23T00:00:00,102,757638338950,1,4447.60,
IMSS,61040-CD. DELICIAS,Tue Aug 18 18:12:58 CDT 2015,2015-07-23T00:00:00,102,757638341653,1,6286.04,
IMSS,61040-CD. DELICIAS,Tue Aug 18 18:12:58 CDT 2015,2015-07-23T00:00:00,102,757638902298,2,835.50,
IMSS,61040-CD. DELICIAS,Tue Aug 18 18:12:58 CDT 2015,2015-07-23T00:00:00,102,757638902328,1,842.88,
IMSS,61040-CD. DELICIAS,Tue Aug 18 18:12:58 CDT 2015,2015-07-23T00:00:00,102,757638902335,2,842.88,
IMSS,61040-CD. DELICIAS,Tue Aug 18 18:12:58 CDT 2015,2015-07-23T00:00:00,102,757638817554,1,3882.62,
IMSS,61040-CD. DELICIAS,Tue Aug 18 18:12:58 CDT 2015,2015-07-23T00:00:00,102,757638818940,2,4306.56,
IMSS,61040-CD. DELICIAS,Tue Aug 18 18:12:58 CDT 2015,2015-07-23T00:00:00,102,757638604833,4,1089.70,
IMSS,61040-CD. DELICIAS,Tue Aug 18 18:12:58 CDT 2015,2015-07-23T00:00:00,102,757638815314,1,5437.34,
IMSS,61040-CD. DELICIAS,Tue Aug 18 18:12:58 CDT 2015,2015-07-23T00:00:00,102,757638605038,4,1162.60,
IMSS,61040-CD. DELICIAS,Tue Aug 18 18:12:58 CDT 2015,2015-07-23T00:00:00,102,757638817646,1,4157,
IMSS,61040-CD. DELICIAS,Tue Aug 18 18:12:58 CDT 2015,2015-07-23T00:00:00,102,757638339155,2,12153.14,
IMSS,61040-CD. DELICIAS,Tue Aug 18 18:12:58 CDT 2015,2015-07-23T00:00:00,102,757638341967,1,6568.12,
IMSS,61040-CD. DELICIAS,Tue Aug 18 18:12:58 CDT 2015,2015-07-23T00:00:00,102,757638607261,2,595.24,
IMSS,57264-ENSENADA,Tue Aug 18 18:12:58 CDT 2015,2015-07-22T00:00:00,86,757638335768,2,7415,
IMSS,57264-ENSENADA,Tue Aug 18 18:12:58 CDT 2015,2015-07-22T00:00:00,86,757638341967,2,6568.12,
IMSS,57264-ENSENADA,Tue Aug 18 18:12:58 CDT 2015,2015-07-22T00:00:00,86,757638341912,2,8194.18,
IMSS,57264-ENSENADA,Tue Aug 18 18:12:58 CDT 2015,2015-07-22T00:00:00,86,757638342001,2,8971.54,
IMSS,57264-ENSENADA,Tue Aug 18 18:12:58 CDT 2015,2015-07-22T00:00:00,86,757638341660,2,7487.34,
IMSS,56833-GOMEZ PALACIO,Tue Aug 18 18:12:58 CDT 2015,2015-07-22T00:00:00,115,757638341929,1,9678.38,
IMSS,56833-GOMEZ PALACIO,Tue Aug 18 18:12:58 CDT 2015,2015-07-22T00:00:00,115,757638341967,2,6568.12,
IMSS,56833-GOMEZ PALACIO,Tue Aug 18 18:12:58 CDT 2015,2015-07-22T00:00:00,115,757638817530,1,3882.62,
IMSS,56833-GOMEZ PALACIO,Tue Aug 18 18:12:58 CDT 2015,2015-07-22T00:00:00,115,757638711623,2,2699.03,
IMSS,56833-GOMEZ PALACIO,Tue Aug 18 18:12:58 CDT 2015,2015-07-22T00:00:00,115,757638341653,3,6286.04,
IMSS,56833-GOMEZ PALACIO,Tue Aug 18 18:12:58 CDT 2015,2015-07-22T00:00:00,115,757638818940,1,4306.56,
IMSS,56833-GOMEZ PALACIO,Tue Aug 18 18:12:58 CDT 2015,2015-07-22T00:00:00,115,757638817776,1,4589.46,
IMSS,56833-GOMEZ PALACIO,Tue Aug 18 18:12:58 CDT 2015,2015-07-22T00:00:00,115,757638817554,1,3882.62,
IMSS,56833-GOMEZ PALACIO,Tue Aug 18 18:12:58 CDT 2015,2015-07-22T00:00:00,115,757638342162,1,12011.28,
IMSS,56833-GOMEZ PALACIO,Tue Aug 18 18:12:58 CDT 2015,2015-07-22T00:00:00,115,757638341684,3,3988.40,
IMSS,56833-GOMEZ PALACIO,Tue Aug 18 18:12:58 CDT 2015,2015-07-22T00:00:00,115,757638338950,3,4447.60,
IMSS,56833-GOMEZ PALACIO,Tue Aug 18 18:12:58 CDT 2015,2015-07-22T00:00:00,115,757638340731,3,5790.76,
IMSS,56833-GOMEZ PALACIO,Tue Aug 18 18:12:58 CDT 2015,2015-07-22T00:00:00,115,757638604833,10,1089.70,
IMSS,56824-GOMEZ PALACIO,Tue Aug 18 18:12:58 CDT 2015,2015-07-21T00:00:00,115,757638817554,1,3882.62,
IMSS,56824-GOMEZ PALACIO,Tue Aug 18 18:12:58 CDT 2015,2015-07-21T00:00:00,115,757638818940,1,4306.56,
IMSS,56824-GOMEZ PALACIO,Tue Aug 18 18:12:58 CDT 2015,2015-07-21T00:00:00,115,757638604833,10,1089.70,
IMSS,56824-GOMEZ PALACIO,Tue Aug 18 18:12:58 CDT 2015,2015-07-21T00:00:00,115,757638817530,1,3882.62,
IMSS,56824-GOMEZ PALACIO,Tue Aug 18 18:12:58 CDT 2015,2015-07-21T00:00:00,115,757638341929,2,9678.38,
IMSS,56824-GOMEZ PALACIO,Tue Aug 18 18:12:58 CDT 2015,2015-07-21T00:00:00,115,757638341851,1,10739.46,
IMSS,56824-GOMEZ PALACIO,Tue Aug 18 18:12:58 CDT 2015,2015-07-21T00:00:00,115,757638342162,1,12011.28,
IMSS,56824-GOMEZ PALACIO,Tue Aug 18 18:12:58 CDT 2015,2015-07-21T00:00:00,115,757638341653,2,6286.04,
IMSS,53172-CELAYA,Tue Aug 18 18:12:58 CDT 2015,2015-07-21T00:00:00,21,757638406543,2,10951.02,
IMSS,53172-CELAYA,Tue Aug 18 18:12:58 CDT 2015,2015-07-21T00:00:00,21,757638341653,1,6286.04,
IMSS,53172-CELAYA,Tue Aug 18 18:12:58 CDT 2015,2015-07-21T00:00:00,21,757638605038,3,1162.60,
IMSS,53172-CELAYA,Tue Aug 18 18:12:58 CDT 2015,2015-07-21T00:00:00,21,757638714143,2,1549.72,
IMSS,53172-CELAYA,Tue Aug 18 18:12:58 CDT 2015,2015-07-21T00:00:00,21,757638607261,2,595.24,
IMSS,53172-CELAYA,Tue Aug 18 18:12:58 CDT 2015,2015-07-21T00:00:00,21,757638605137,3,771.54,
IMSS,53172-CELAYA,Tue Aug 18 18:12:58 CDT 2015,2015-07-21T00:00:00,21,757638341936,1,7487.34,
IMSS,53172-CELAYA,Tue Aug 18 18:12:58 CDT 2015,2015-07-21T00:00:00,21,757638341912,1,8194.18,
IMSS,53172-CELAYA,Tue Aug 18 18:12:58 CDT 2015,2015-07-21T00:00:00,21,757638339407,2,5224.96,
IMSS,53172-CELAYA,Tue Aug 18 18:12:58 CDT 2015,2015-07-21T00:00:00,21,757638604833,3,1089.70,
IMSS,47512-TULANCINGO,Tue Aug 18 18:12:58 CDT 2015,2015-07-18T00:00:00,121,757638602006,2,991.13,
IMSS,47512-TULANCINGO,Tue Aug 18 18:12:58 CDT 2015,2015-07-18T00:00:00,121,757638340731,2,5790.76,
IMSS,47512-TULANCINGO,Tue Aug 18 18:12:58 CDT 2015,2015-07-18T00:00:00,121,757638338967,1,4836.28,
IMSS,47512-TULANCINGO,Tue Aug 18 18:12:58 CDT 2015,2015-07-18T00:00:00,121,757638338950,1,4447.60,
IMSS,47512-TULANCINGO,Tue Aug 18 18:12:58 CDT 2015,2015-07-18T00:00:00,121,757638341684,1,3988.40,
IMSS,47512-TULANCINGO,Tue Aug 18 18:12:58 CDT 2015,2015-07-18T00:00:00,121,757638341929,1,9678.38,
IMSS,47512-TULANCINGO,Tue Aug 18 18:12:58 CDT 2015,2015-07-18T00:00:00,121,757638342001,1,8971.54,
IMSS,47512-TULANCINGO,Tue Aug 18 18:12:58 CDT 2015,2015-07-18T00:00:00,121,757638340977,1,5684.98,
IMSS,47512-TULANCINGO,Tue Aug 18 18:12:58 CDT 2015,2015-07-18T00:00:00,121,757638817882,1,5932.62,
IMSS,47512-TULANCINGO,Tue Aug 18 18:12:58 CDT 2015,2015-07-18T00:00:00,121,757638603966,4,1161.04,
IMSS,47512-TULANCINGO,Tue Aug 18 18:12:58 CDT 2015,2015-07-18T00:00:00,121,757638817790,1,4942.88,
IMSS,47512-TULANCINGO,Tue Aug 18 18:12:58 CDT 2015,2015-07-18T00:00:00,121,757638818940,1,4306.56,
IMSS,47512-TULANCINGO,Tue Aug 18 18:12:58 CDT 2015,2015-07-18T00:00:00,121,757638817776,1,4589.46,
IMSS,47512-TULANCINGO,Tue Aug 18 18:12:58 CDT 2015,2015-07-18T00:00:00,121,757638601658,2,1042.78,
IMSS,47512-TULANCINGO,Tue Aug 18 18:12:58 CDT 2015,2015-07-18T00:00:00,121,757638341653,2,6286.04,
IMSS,47512-TULANCINGO,Tue Aug 18 18:12:58 CDT 2015,2015-07-18T00:00:00,121,757638601993,2,848.52,
IMSS,57904-MAZATLAN,Tue Aug 18 18:12:58 CDT 2015,2015-07-17T00:00:00,41,757638605137,2,771.54,
IMSS,57904-MAZATLAN,Tue Aug 18 18:12:58 CDT 2015,2015-07-17T00:00:00,41,757638605038,2,1162.60,
IMSS,57904-MAZATLAN,Tue Aug 18 18:12:58 CDT 2015,2015-07-17T00:00:00,41,757638603973,1,1345.34,
IMSS,57904-MAZATLAN,Tue Aug 18 18:12:58 CDT 2015,2015-07-17T00:00:00,41,757638603966,1,1161.04,
IMSS,57648-CULIACAN,Tue Aug 18 18:12:58 CDT 2015,2015-07-17T00:00:00,42,757638818940,2,4306.56,
IMSS,57648-CULIACAN,Tue Aug 18 18:12:58 CDT 2015,2015-07-17T00:00:00,42,757638817783,2,4589.46,
IMSS,57648-CULIACAN,Tue Aug 18 18:12:58 CDT 2015,2015-07-17T00:00:00,42,757638712491,2,630.50,
IMSS,57648-CULIACAN,Tue Aug 18 18:12:58 CDT 2015,2015-07-17T00:00:00,42,757638603973,5,1345.34,
IMSS,57648-CULIACAN,Tue Aug 18 18:12:58 CDT 2015,2015-07-17T00:00:00,42,757638817882,2,5932.62,
IMSS,57648-CULIACAN,Tue Aug 18 18:12:58 CDT 2015,2015-07-17T00:00:00,42,757638604833,2,1089.70,
IMSS,57648-CULIACAN,Tue Aug 18 18:12:58 CDT 2015,2015-07-17T00:00:00,42,757638820561,1,5437.34,
IMSS,57648-CULIACAN,Tue Aug 18 18:12:58 CDT 2015,2015-07-17T00:00:00,42,757638340977,2,5684.98,
IMSS,57648-CULIACAN,Tue Aug 18 18:12:58 CDT 2015,2015-07-17T00:00:00,42,757638341967,2,6568.12,
IMSS,57648-CULIACAN,Tue Aug 18 18:12:58 CDT 2015,2015-07-17T00:00:00,42,757638338967,1,4836.28,
IMSS,57648-CULIACAN,Tue Aug 18 18:12:58 CDT 2015,2015-07-17T00:00:00,42,757638341653,2,6286.04,
IMSS,57596-QUERETARO,Tue Aug 18 18:12:58 CDT 2015,2015-07-17T00:00:00,35,757638513296,2,5188.25,
IMSS,57596-QUERETARO,Tue Aug 18 18:12:58 CDT 2015,2015-07-17T00:00:00,35,757638511308,2,2410.99,
IMSS,57596-QUERETARO,Tue Aug 18 18:12:58 CDT 2015,2015-07-17T00:00:00,35,757638406635,2,2220,
IMSS,57596-QUERETARO,Tue Aug 18 18:12:58 CDT 2015,2015-07-17T00:00:00,35,757638335706,1,5647.82,
IMSS,57596-QUERETARO,Tue Aug 18 18:12:58 CDT 2015,2015-07-17T00:00:00,35,757638510509,2,5626,
IMSS,57596-QUERETARO,Tue Aug 18 18:12:58 CDT 2015,2015-07-17T00:00:00,35,757638604833,1,1089.70,
IMSS,57596-QUERETARO,Tue Aug 18 18:12:58 CDT 2015,2015-07-17T00:00:00,35,757638510639,2,4628,
IMSS,57596-QUERETARO,Tue Aug 18 18:12:58 CDT 2015,2015-07-17T00:00:00,35,757638603966,1,1161.04,
IMSS,57596-QUERETARO,Tue Aug 18 18:12:58 CDT 2015,2015-07-17T00:00:00,35,757638513395,2,6112.82,
IMSS,57596-QUERETARO,Tue Aug 18 18:12:58 CDT 2015,2015-07-17T00:00:00,35,757638341967,1,6568.12,
IMSS,57596-QUERETARO,Tue Aug 18 18:12:58 CDT 2015,2015-07-17T00:00:00,35,757638341684,1,3988.40,
IMSS,57596-QUERETARO,Tue Aug 18 18:12:58 CDT 2015,2015-07-17T00:00:00,35,757638338950,1,4447.60,
IMSS,57596-QUERETARO,Tue Aug 18 18:12:58 CDT 2015,2015-07-17T00:00:00,35,757638338967,1,4836.28,
IMSS,57596-QUERETARO,Tue Aug 18 18:12:58 CDT 2015,2015-07-17T00:00:00,35,757638338790,1,5402.08,
IMSS,57596-QUERETARO,Tue Aug 18 18:12:58 CDT 2015,2015-07-17T00:00:00,35,757638341653,1,6286.04,
IMSS,57596-QUERETARO,Tue Aug 18 18:12:58 CDT 2015,2015-07-17T00:00:00,35,757638512954,2,6749.35,
IMSS,57596-QUERETARO,Tue Aug 18 18:12:58 CDT 2015,2015-07-17T00:00:00,35,757638513326,2,4050.32,
IMSS,57596-QUERETARO,Tue Aug 18 18:12:58 CDT 2015,2015-07-17T00:00:00,35,757638341004,1,3829.85,
IMSS,57596-QUERETARO,Tue Aug 18 18:12:58 CDT 2015,2015-07-17T00:00:00,35,757638715089,2,5828.34,
IMSS,54853-COLIMA,Tue Aug 18 18:12:58 CDT 2015,2015-07-16T00:00:00,10,757638713276,2,2008.92,
IMSS,54853-COLIMA,Tue Aug 18 18:12:58 CDT 2015,2015-07-16T00:00:00,10,757638817721,1,4377.08,
IMSS,54853-COLIMA,Tue Aug 18 18:12:58 CDT 2015,2015-07-16T00:00:00,10,757638339988,2,3740.76,
IMSS,54853-COLIMA,Tue Aug 18 18:12:58 CDT 2015,2015-07-16T00:00:00,10,757638817561,2,4094.18,
IMSS,74582-MONTERREY INDEPENDENCIA,Tue Aug 18 18:12:58 CDT 2015,2015-07-15T00:00:00,32,757638902335,2,842.88,
IMSS,74582-MONTERREY INDEPENDENCIA,Tue Aug 18 18:12:58 CDT 2015,2015-07-15T00:00:00,32,757638902311,2,1019.18,
IMSS,74582-MONTERREY INDEPENDENCIA,Tue Aug 18 18:12:58 CDT 2015,2015-07-15T00:00:00,32,757638902328,2,842.88,
IMSS,74582-MONTERREY INDEPENDENCIA,Tue Aug 18 18:12:58 CDT 2015,2015-07-15T00:00:00,32,757638817783,1,4589.46,
IMSS,74582-MONTERREY INDEPENDENCIA,Tue Aug 18 18:12:58 CDT 2015,2015-07-15T00:00:00,32,757638902298,2,835.50,
IMSS,74582-MONTERREY INDEPENDENCIA,Tue Aug 18 18:12:58 CDT 2015,2015-07-15T00:00:00,32,757638902281,2,835.50,
IMSS,74582-MONTERREY INDEPENDENCIA,Tue Aug 18 18:12:58 CDT 2015,2015-07-15T00:00:00,32,757638512824,2,10951.02,
IMSS,74582-MONTERREY INDEPENDENCIA,Tue Aug 18 18:12:58 CDT 2015,2015-07-15T00:00:00,32,757638340731,2,5790.76,
IMSS,74582-MONTERREY INDEPENDENCIA,Tue Aug 18 18:12:58 CDT 2015,2015-07-15T00:00:00,32,757638338967,1,4836.28,
IMSS,74582-MONTERREY INDEPENDENCIA,Tue Aug 18 18:12:58 CDT 2015,2015-07-15T00:00:00,32,757638339988,1,3740.76,
IMSS,74582-MONTERREY INDEPENDENCIA,Tue Aug 18 18:12:58 CDT 2015,2015-07-15T00:00:00,32,757638341684,1,3988.40,
IMSS,74582-MONTERREY INDEPENDENCIA,Tue Aug 18 18:12:58 CDT 2015,2015-07-15T00:00:00,32,757638342001,1,8971.54,
IMSS,74582-MONTERREY INDEPENDENCIA,Tue Aug 18 18:12:58 CDT 2015,2015-07-15T00:00:00,32,757638341967,2,6568.12,
IMSS,74582-MONTERREY INDEPENDENCIA,Tue Aug 18 18:12:58 CDT 2015,2015-07-15T00:00:00,32,757638605137,4,771.54,
IMSS,74582-MONTERREY INDEPENDENCIA,Tue Aug 18 18:12:58 CDT 2015,2015-07-15T00:00:00,32,757638607261,2,595.24,
IMSS,74582-MONTERREY INDEPENDENCIA,Tue Aug 18 18:12:58 CDT 2015,2015-07-15T00:00:00,32,757638714143,2,1549.72,
IMSS,74582-MONTERREY INDEPENDENCIA,Tue Aug 18 18:12:58 CDT 2015,2015-07-15T00:00:00,32,757638605038,5,1162.60,
IMSS,74582-MONTERREY INDEPENDENCIA,Tue Aug 18 18:12:58 CDT 2015,2015-07-15T00:00:00,32,757638817721,1,4377.08,
IMSS,74582-MONTERREY INDEPENDENCIA,Tue Aug 18 18:12:58 CDT 2015,2015-07-15T00:00:00,32,757638820554,2,3174.96,
IMSS,74582-MONTERREY INDEPENDENCIA,Tue Aug 18 18:12:58 CDT 2015,2015-07-15T00:00:00,32,757638713276,2,2008.92,
IMSS,74582-MONTERREY INDEPENDENCIA,Tue Aug 18 18:12:58 CDT 2015,2015-07-15T00:00:00,32,757638406543,2,10951.02,
IMSS,74582-MONTERREY INDEPENDENCIA,Tue Aug 18 18:12:58 CDT 2015,2015-07-15T00:00:00,32,757638604833,5,1089.70,
IMSS,74582-MONTERREY INDEPENDENCIA,Tue Aug 18 18:12:58 CDT 2015,2015-07-15T00:00:00,32,757638604871,2,913.40,
IMSS,74582-MONTERREY INDEPENDENCIA,Tue Aug 18 18:12:58 CDT 2015,2015-07-15T00:00:00,32,757638712491,2,630.50,
IMSS,74582-MONTERREY INDEPENDENCIA,Tue Aug 18 18:12:58 CDT 2015,2015-07-15T00:00:00,32,757638818940,1,4306.56,
IMSS,57880-MAZATLAN,Tue Aug 18 18:12:58 CDT 2015,2015-07-15T00:00:00,41,757638608268,1,6390,
IMSS,57880-MAZATLAN,Tue Aug 18 18:12:58 CDT 2015,2015-07-15T00:00:00,41,757638604062,1,4835.50,
IMSS,57880-MAZATLAN,Tue Aug 18 18:12:58 CDT 2015,2015-07-15T00:00:00,41,757638604666,2,4408.77,
IMSS,57879-MAZATLAN,Tue Aug 18 18:12:58 CDT 2015,2015-07-15T00:00:00,41,757638817554,1,3882.62,
IMSS,57879-MAZATLAN,Tue Aug 18 18:12:58 CDT 2015,2015-07-15T00:00:00,41,757638713016,1,2963.40,
IMSS,57879-MAZATLAN,Tue Aug 18 18:12:58 CDT 2015,2015-07-15T00:00:00,41,757638711623,2,2699.03,
IMSS,57879-MAZATLAN,Tue Aug 18 18:12:58 CDT 2015,2015-07-15T00:00:00,41,757638817646,1,4157,
IMSS,57879-MAZATLAN,Tue Aug 18 18:12:58 CDT 2015,2015-07-15T00:00:00,41,757638817530,1,3882.62,
IMSS,57879-MAZATLAN,Tue Aug 18 18:12:58 CDT 2015,2015-07-15T00:00:00,41,757638817424,1,3174.96,
IMSS,57877-MAZATLAN,Tue Aug 18 18:12:58 CDT 2015,2015-07-15T00:00:00,41,757638510509,1,5626,
IMSS,57877-MAZATLAN,Tue Aug 18 18:12:58 CDT 2015,2015-07-15T00:00:00,41,757638513326,2,4050.32,
IMSS,57877-MAZATLAN,Tue Aug 18 18:12:58 CDT 2015,2015-07-15T00:00:00,41,757638510639,1,4628,
IMSS,57877-MAZATLAN,Tue Aug 18 18:12:58 CDT 2015,2015-07-15T00:00:00,41,757638715089,1,5828.34,
IMSS,57877-MAZATLAN,Tue Aug 18 18:12:58 CDT 2015,2015-07-15T00:00:00,41,757638513296,1,5188.25,
IMSS,57877-MAZATLAN,Tue Aug 18 18:12:58 CDT 2015,2015-07-15T00:00:00,41,757638513494,2,4263.69,
IMSS,57876-MAZATLAN,Tue Aug 18 18:12:58 CDT 2015,2015-07-15T00:00:00,41,757638340281,1,2786.28,
IMSS,57876-MAZATLAN,Tue Aug 18 18:12:58 CDT 2015,2015-07-15T00:00:00,41,757638340731,1,5790.76,
IMSS,57876-MAZATLAN,Tue Aug 18 18:12:58 CDT 2015,2015-07-15T00:00:00,41,757638338790,1,5402.08,
IMSS,57876-MAZATLAN,Tue Aug 18 18:12:58 CDT 2015,2015-07-15T00:00:00,41,757638339988,1,3740.76,
IMSS,57876-MAZATLAN,Tue Aug 18 18:12:58 CDT 2015,2015-07-15T00:00:00,41,757638341684,1,3988.40,
IMSS,57876-MAZATLAN,Tue Aug 18 18:12:58 CDT 2015,2015-07-15T00:00:00,41,757638341004,1,3829.85,
IMSS,57876-MAZATLAN,Tue Aug 18 18:12:58 CDT 2015,2015-07-15T00:00:00,41,757638341660,1,7487.34,
IMSS,57876-MAZATLAN,Tue Aug 18 18:12:58 CDT 2015,2015-07-15T00:00:00,41,757638335782,1,7745.04,
IMSS,57876-MAZATLAN,Tue Aug 18 18:12:58 CDT 2015,2015-07-15T00:00:00,41,757638335744,1,6678.23,
IMSS,57876-MAZATLAN,Tue Aug 18 18:12:58 CDT 2015,2015-07-15T00:00:00,41,757638605489,1,1842.03,
IMSS,57876-MAZATLAN,Tue Aug 18 18:12:58 CDT 2015,2015-07-15T00:00:00,41,757638338783,1,4473.49,
IMSS,57876-MAZATLAN,Tue Aug 18 18:12:58 CDT 2015,2015-07-15T00:00:00,41,757638605496,1,1418.86,
IMSS,88257-VILLACOAPA,Tue Aug 18 18:12:58 CDT 2015,2015-07-14T00:00:00,67,757638340977,4,5684.98,
IMSS,88257-VILLACOAPA,Tue Aug 18 18:12:58 CDT 2015,2015-07-14T00:00:00,67,757638341936,3,7487.34,
IMSS,88257-VILLACOAPA,Tue Aug 18 18:12:58 CDT 2015,2015-07-14T00:00:00,67,757638341912,3,8194.18,
IMSS,88257-VILLACOAPA,Tue Aug 18 18:12:58 CDT 2015,2015-07-14T00:00:00,67,757638341929,3,9678.38,
IMSS,88257-VILLACOAPA,Tue Aug 18 18:12:58 CDT 2015,2015-07-14T00:00:00,67,757638338967,3,4836.28,
IMSS,88257-VILLACOAPA,Tue Aug 18 18:12:58 CDT 2015,2015-07-14T00:00:00,67,757638339407,4,5224.96,
IMSS,88257-VILLACOAPA,Tue Aug 18 18:12:58 CDT 2015,2015-07-14T00:00:00,67,757638341653,3,6286.04,
IMSS,50332-MONCLOVA,Tue Aug 18 18:12:58 CDT 2015,2015-07-14T00:00:00,9,757638605496,1,1418.86,
IMSS,50332-MONCLOVA,Tue Aug 18 18:12:58 CDT 2015,2015-07-14T00:00:00,9,757638339186,1,14217.03,
IMSS,50332-MONCLOVA,Tue Aug 18 18:12:58 CDT 2015,2015-07-14T00:00:00,9,757638338806,1,4973.47,
IMSS,50332-MONCLOVA,Tue Aug 18 18:12:58 CDT 2015,2015-07-14T00:00:00,9,757638819480,1,5184.70,
IMSS,50332-MONCLOVA,Tue Aug 18 18:12:58 CDT 2015,2015-07-14T00:00:00,9,757638336598,1,9949.78,
IMSS,50332-MONCLOVA,Tue Aug 18 18:12:58 CDT 2015,2015-07-14T00:00:00,9,757638511308,2,2410.99,
IMSS,50332-MONCLOVA,Tue Aug 18 18:12:58 CDT 2015,2015-07-14T00:00:00,9,757638338592,1,4446,
IMSS,50332-MONCLOVA,Tue Aug 18 18:12:58 CDT 2015,2015-07-14T00:00:00,9,757638339063,1,3548.92,
IMSS,50332-MONCLOVA,Tue Aug 18 18:12:58 CDT 2015,2015-07-14T00:00:00,9,757638511032,2,6180.39,
IMSS,50332-MONCLOVA,Tue Aug 18 18:12:58 CDT 2015,2015-07-14T00:00:00,9,757638406635,4,2220,
IMSS,50332-MONCLOVA,Tue Aug 18 18:12:58 CDT 2015,2015-07-14T00:00:00,9,757638335669,1,7769,
IMSS,50332-MONCLOVA,Tue Aug 18 18:12:58 CDT 2015,2015-07-14T00:00:00,9,757638335744,1,6678.23,
IMSS,50332-MONCLOVA,Tue Aug 18 18:12:58 CDT 2015,2015-07-14T00:00:00,9,757638513296,3,5188.25,
IMSS,50332-MONCLOVA,Tue Aug 18 18:12:58 CDT 2015,2015-07-14T00:00:00,9,757638335775,1,7745.04,
IMSS,50332-MONCLOVA,Tue Aug 18 18:12:58 CDT 2015,2015-07-14T00:00:00,9,757638605083,5,1389,
IMSS,50332-MONCLOVA,Tue Aug 18 18:12:58 CDT 2015,2015-07-14T00:00:00,9,757638817721,1,4377.08,
IMSS,50332-MONCLOVA,Tue Aug 18 18:12:58 CDT 2015,2015-07-14T00:00:00,9,757638510509,3,5626,
IMSS,50332-MONCLOVA,Tue Aug 18 18:12:58 CDT 2015,2015-07-14T00:00:00,9,757638604833,5,1089.70,
IMSS,50332-MONCLOVA,Tue Aug 18 18:12:58 CDT 2015,2015-07-14T00:00:00,9,757638604871,5,913.40,
IMSS,50332-MONCLOVA,Tue Aug 18 18:12:58 CDT 2015,2015-07-14T00:00:00,9,757638817882,1,5932.62,
IMSS,50332-MONCLOVA,Tue Aug 18 18:12:58 CDT 2015,2015-07-14T00:00:00,9,757638603973,5,1345.34,
IMSS,50332-MONCLOVA,Tue Aug 18 18:12:58 CDT 2015,2015-07-14T00:00:00,9,757638603966,5,1161.04,
IMSS,50332-MONCLOVA,Tue Aug 18 18:12:58 CDT 2015,2015-07-14T00:00:00,9,757638818025,1,6038.15,
IMSS,50332-MONCLOVA,Tue Aug 18 18:12:58 CDT 2015,2015-07-14T00:00:00,9,757638332644,1,3882.62,
IMSS,50332-MONCLOVA,Tue Aug 18 18:12:58 CDT 2015,2015-07-14T00:00:00,9,757638328715,1,9601.30,
IMSS,50332-MONCLOVA,Tue Aug 18 18:12:58 CDT 2015,2015-07-14T00:00:00,9,757638605151,5,814.33,
IMSS,50332-MONCLOVA,Tue Aug 18 18:12:58 CDT 2015,2015-07-14T00:00:00,9,757638340977,1,5684.98,
IMSS,50332-MONCLOVA,Tue Aug 18 18:12:58 CDT 2015,2015-07-14T00:00:00,9,757638341967,1,6568.12,
IMSS,50332-MONCLOVA,Tue Aug 18 18:12:58 CDT 2015,2015-07-14T00:00:00,9,757638341851,1,10739.46,
IMSS,50332-MONCLOVA,Tue Aug 18 18:12:58 CDT 2015,2015-07-14T00:00:00,9,757638338950,1,4447.60,
IMSS,50332-MONCLOVA,Tue Aug 18 18:12:58 CDT 2015,2015-07-14T00:00:00,9,757638340731,1,5790.76,
IMSS,50332-MONCLOVA,Tue Aug 18 18:12:58 CDT 2015,2015-07-14T00:00:00,9,757638335706,1,5647.82,
